"order_id","customer_id","order_date","order_amount","delivery_city","payment_mode","order_item_id","order_id-2","product_id","quantity","total_price"
139,39,"2022-09-01",3200,"Dehradun","UPI",29,128,14,1,55000
140,40,"2023-06-25",2500,"Amritsar","Net Banking",29,128,14,1,55000
102,2,"2023-02-14",2500,"Delhi","Debit Card",29,128,14,1,55000
103,3,"2022-12-21",1200,"Bengaluru","Cash",29,128,14,1,55000
104,4,"2023-03-30",1800,"Kolkata","UPI",29,128,14,1,55000
105,1,"2022-11-20",2000,"Mumbai","Net Banking",29,128,14,1,55000
106,6,"2023-04-12",3500,"Pune","Credit Card",29,128,14,1,55000
107,7,"2022-10-15",2700,"Hyderabad","Debit Card",29,128,14,1,55000
108,8,"2023-06-22",2200,"Chennai","UPI",29,128,14,1,55000
109,9,"2022-08-08",1400,"Ahmedabad","Credit Card",29,128,14,1,55000
110,10,"2023-05-19",1900,"Lucknow","Cash",29,128,14,1,55000
111,11,"2022-09-21",3000,"Bhopal","Credit Card",29,128,14,1,55000
112,12,"2023-02-28",2400,"Patna","Net Banking",29,128,14,1,55000
113,13,"2023-03-12",2600,"Thane","Debit Card",29,128,14,1,55000
114,14,"2022-07-05",1800,"Gurgaon","UPI",29,128,14,1,55000
115,15,"2023-04-18",2300,"Nagpur","Credit Card",29,128,14,1,55000
116,16,"2021-06-23",1600,"Surat","Net Banking",29,128,14,1,55000
117,17,"2023-02-01",2900,"Kanpur","Cash",29,128,14,1,55000
118,18,"2022-12-17",2100,"Coimbatore","Debit Card",29,128,14,1,55000
119,19,"2022-08-25",1200,"Indore","UPI",29,128,14,1,55000
120,20,"2023-01-09",4000,"Vadodara","Credit Card",29,128,14,1,55000
121,21,"2022-11-02",3100,"Noida","Debit Card",29,128,14,1,55000
122,22,"2023-04-24",3400,"Varanasi","Credit Card",29,128,14,1,55000
123,23,"2021-10-13",2900,"Mysuru","UPI",29,128,14,1,55000
124,24,"2022-09-29",2400,"Jodhpur","Net Banking",29,128,14,1,55000
125,25,"2023-06-20",2200,"Ranchi","Credit Card",29,128,14,1,55000
126,26,"2021-05-09",1700,"Raipur","UPI",29,128,14,1,55000
127,27,"2022-03-18",1800,"Ghaziabad","Cash",29,128,14,1,55000
128,28,"2023-07-14",2800,"Aurangabad","Net Banking",29,128,14,1,55000
129,29,"2022-12-23",3500,"Nashik","Credit Card",29,128,14,1,55000
101,1,"2023-01-10",1500,"Mumbai","Credit Card",29,128,14,1,55000
130,30,"2023-05-22",2100,"Faridabad","Debit Card",29,128,14,1,55000
131,31,"2022-11-19",3300,"Rajkot","UPI",29,128,14,1,55000
132,32,"2021-12-06",1500,"Kochi","Net Banking",29,128,14,1,55000
133,33,"2023-04-15",2300,"Gwalior","Credit Card",29,128,14,1,55000
134,34,"2022-06-29",2700,"Bhubaneshwar","Debit Card",29,128,14,1,55000
135,35,"2023-02-05",3000,"Ludhiana","UPI",29,128,14,1,55000
136,36,"2022-07-07",2600,"Madurai","Net Banking",29,128,14,1,55000
137,37,"2023-03-31",1900,"Agra","Credit Card",29,128,14,1,55000
138,38,"2021-08-17",1600,"Vellore","Debit Card",29,128,14,1,55000
101,1,"2023-01-10",1500,"Mumbai","Credit Card",16,115,14,1,55000
102,2,"2023-02-14",2500,"Delhi","Debit Card",16,115,14,1,55000
103,3,"2022-12-21",1200,"Bengaluru","Cash",16,115,14,1,55000
104,4,"2023-03-30",1800,"Kolkata","UPI",16,115,14,1,55000
105,1,"2022-11-20",2000,"Mumbai","Net Banking",16,115,14,1,55000
106,6,"2023-04-12",3500,"Pune","Credit Card",16,115,14,1,55000
107,7,"2022-10-15",2700,"Hyderabad","Debit Card",16,115,14,1,55000
108,8,"2023-06-22",2200,"Chennai","UPI",16,115,14,1,55000
109,9,"2022-08-08",1400,"Ahmedabad","Credit Card",16,115,14,1,55000
110,10,"2023-05-19",1900,"Lucknow","Cash",16,115,14,1,55000
111,11,"2022-09-21",3000,"Bhopal","Credit Card",16,115,14,1,55000
112,12,"2023-02-28",2400,"Patna","Net Banking",16,115,14,1,55000
113,13,"2023-03-12",2600,"Thane","Debit Card",16,115,14,1,55000
114,14,"2022-07-05",1800,"Gurgaon","UPI",16,115,14,1,55000
115,15,"2023-04-18",2300,"Nagpur","Credit Card",16,115,14,1,55000
116,16,"2021-06-23",1600,"Surat","Net Banking",16,115,14,1,55000
117,17,"2023-02-01",2900,"Kanpur","Cash",16,115,14,1,55000
118,18,"2022-12-17",2100,"Coimbatore","Debit Card",16,115,14,1,55000
119,19,"2022-08-25",1200,"Indore","UPI",16,115,14,1,55000
120,20,"2023-01-09",4000,"Vadodara","Credit Card",16,115,14,1,55000
121,21,"2022-11-02",3100,"Noida","Debit Card",16,115,14,1,55000
122,22,"2023-04-24",3400,"Varanasi","Credit Card",16,115,14,1,55000
123,23,"2021-10-13",2900,"Mysuru","UPI",16,115,14,1,55000
124,24,"2022-09-29",2400,"Jodhpur","Net Banking",16,115,14,1,55000
125,25,"2023-06-20",2200,"Ranchi","Credit Card",16,115,14,1,55000
126,26,"2021-05-09",1700,"Raipur","UPI",16,115,14,1,55000
127,27,"2022-03-18",1800,"Ghaziabad","Cash",16,115,14,1,55000
128,28,"2023-07-14",2800,"Aurangabad","Net Banking",16,115,14,1,55000
129,29,"2022-12-23",3500,"Nashik","Credit Card",16,115,14,1,55000
130,30,"2023-05-22",2100,"Faridabad","Debit Card",16,115,14,1,55000
131,31,"2022-11-19",3300,"Rajkot","UPI",16,115,14,1,55000
132,32,"2021-12-06",1500,"Kochi","Net Banking",16,115,14,1,55000
133,33,"2023-04-15",2300,"Gwalior","Credit Card",16,115,14,1,55000
134,34,"2022-06-29",2700,"Bhubaneshwar","Debit Card",16,115,14,1,55000
135,35,"2023-02-05",3000,"Ludhiana","UPI",16,115,14,1,55000
136,36,"2022-07-07",2600,"Madurai","Net Banking",16,115,14,1,55000
137,37,"2023-03-31",1900,"Agra","Credit Card",16,115,14,1,55000
138,38,"2021-08-17",1600,"Vellore","Debit Card",16,115,14,1,55000
139,39,"2022-09-01",3200,"Dehradun","UPI",16,115,14,1,55000
140,40,"2023-06-25",2500,"Amritsar","Net Banking",16,115,14,1,55000
107,7,"2022-10-15",2700,"Hyderabad","Debit Card",1,101,1,1,45000
101,1,"2023-01-10",1500,"Mumbai","Credit Card",1,101,1,1,45000
102,2,"2023-02-14",2500,"Delhi","Debit Card",1,101,1,1,45000
103,3,"2022-12-21",1200,"Bengaluru","Cash",1,101,1,1,45000
104,4,"2023-03-30",1800,"Kolkata","UPI",1,101,1,1,45000
105,1,"2022-11-20",2000,"Mumbai","Net Banking",1,101,1,1,45000
106,6,"2023-04-12",3500,"Pune","Credit Card",1,101,1,1,45000
108,8,"2023-06-22",2200,"Chennai","UPI",1,101,1,1,45000
109,9,"2022-08-08",1400,"Ahmedabad","Credit Card",1,101,1,1,45000
110,10,"2023-05-19",1900,"Lucknow","Cash",1,101,1,1,45000
111,11,"2022-09-21",3000,"Bhopal","Credit Card",1,101,1,1,45000
112,12,"2023-02-28",2400,"Patna","Net Banking",1,101,1,1,45000
113,13,"2023-03-12",2600,"Thane","Debit Card",1,101,1,1,45000
114,14,"2022-07-05",1800,"Gurgaon","UPI",1,101,1,1,45000
115,15,"2023-04-18",2300,"Nagpur","Credit Card",1,101,1,1,45000
116,16,"2021-06-23",1600,"Surat","Net Banking",1,101,1,1,45000
117,17,"2023-02-01",2900,"Kanpur","Cash",1,101,1,1,45000
118,18,"2022-12-17",2100,"Coimbatore","Debit Card",1,101,1,1,45000
119,19,"2022-08-25",1200,"Indore","UPI",1,101,1,1,45000
120,20,"2023-01-09",4000,"Vadodara","Credit Card",1,101,1,1,45000
121,21,"2022-11-02",3100,"Noida","Debit Card",1,101,1,1,45000
122,22,"2023-04-24",3400,"Varanasi","Credit Card",1,101,1,1,45000
123,23,"2021-10-13",2900,"Mysuru","UPI",1,101,1,1,45000
124,24,"2022-09-29",2400,"Jodhpur","Net Banking",1,101,1,1,45000
125,25,"2023-06-20",2200,"Ranchi","Credit Card",1,101,1,1,45000
126,26,"2021-05-09",1700,"Raipur","UPI",1,101,1,1,45000
127,27,"2022-03-18",1800,"Ghaziabad","Cash",1,101,1,1,45000
128,28,"2023-07-14",2800,"Aurangabad","Net Banking",1,101,1,1,45000
129,29,"2022-12-23",3500,"Nashik","Credit Card",1,101,1,1,45000
130,30,"2023-05-22",2100,"Faridabad","Debit Card",1,101,1,1,45000
131,31,"2022-11-19",3300,"Rajkot","UPI",1,101,1,1,45000
132,32,"2021-12-06",1500,"Kochi","Net Banking",1,101,1,1,45000
133,33,"2023-04-15",2300,"Gwalior","Credit Card",1,101,1,1,45000
134,34,"2022-06-29",2700,"Bhubaneshwar","Debit Card",1,101,1,1,45000
135,35,"2023-02-05",3000,"Ludhiana","UPI",1,101,1,1,45000
136,36,"2022-07-07",2600,"Madurai","Net Banking",1,101,1,1,45000
137,37,"2023-03-31",1900,"Agra","Credit Card",1,101,1,1,45000
138,38,"2021-08-17",1600,"Vellore","Debit Card",1,101,1,1,45000
139,39,"2022-09-01",3200,"Dehradun","UPI",1,101,1,1,45000
140,40,"2023-06-25",2500,"Amritsar","Net Banking",1,101,1,1,45000
139,39,"2022-09-01",3200,"Dehradun","UPI",8,107,8,1,40000
138,38,"2021-08-17",1600,"Vellore","Debit Card",8,107,8,1,40000
137,37,"2023-03-31",1900,"Agra","Credit Card",8,107,8,1,40000
136,36,"2022-07-07",2600,"Madurai","Net Banking",8,107,8,1,40000
135,35,"2023-02-05",3000,"Ludhiana","UPI",8,107,8,1,40000
101,1,"2023-01-10",1500,"Mumbai","Credit Card",8,107,8,1,40000
134,34,"2022-06-29",2700,"Bhubaneshwar","Debit Card",8,107,8,1,40000
133,33,"2023-04-15",2300,"Gwalior","Credit Card",8,107,8,1,40000
132,32,"2021-12-06",1500,"Kochi","Net Banking",8,107,8,1,40000
131,31,"2022-11-19",3300,"Rajkot","UPI",8,107,8,1,40000
130,30,"2023-05-22",2100,"Faridabad","Debit Card",8,107,8,1,40000
129,29,"2022-12-23",3500,"Nashik","Credit Card",8,107,8,1,40000
128,28,"2023-07-14",2800,"Aurangabad","Net Banking",8,107,8,1,40000
127,27,"2022-03-18",1800,"Ghaziabad","Cash",8,107,8,1,40000
126,26,"2021-05-09",1700,"Raipur","UPI",8,107,8,1,40000
125,25,"2023-06-20",2200,"Ranchi","Credit Card",8,107,8,1,40000
124,24,"2022-09-29",2400,"Jodhpur","Net Banking",8,107,8,1,40000
123,23,"2021-10-13",2900,"Mysuru","UPI",8,107,8,1,40000
122,22,"2023-04-24",3400,"Varanasi","Credit Card",8,107,8,1,40000
121,21,"2022-11-02",3100,"Noida","Debit Card",8,107,8,1,40000
120,20,"2023-01-09",4000,"Vadodara","Credit Card",8,107,8,1,40000
119,19,"2022-08-25",1200,"Indore","UPI",8,107,8,1,40000
118,18,"2022-12-17",2100,"Coimbatore","Debit Card",8,107,8,1,40000
117,17,"2023-02-01",2900,"Kanpur","Cash",8,107,8,1,40000
116,16,"2021-06-23",1600,"Surat","Net Banking",8,107,8,1,40000
115,15,"2023-04-18",2300,"Nagpur","Credit Card",8,107,8,1,40000
114,14,"2022-07-05",1800,"Gurgaon","UPI",8,107,8,1,40000
113,13,"2023-03-12",2600,"Thane","Debit Card",8,107,8,1,40000
112,12,"2023-02-28",2400,"Patna","Net Banking",8,107,8,1,40000
111,11,"2022-09-21",3000,"Bhopal","Credit Card",8,107,8,1,40000
110,10,"2023-05-19",1900,"Lucknow","Cash",8,107,8,1,40000
109,9,"2022-08-08",1400,"Ahmedabad","Credit Card",8,107,8,1,40000
108,8,"2023-06-22",2200,"Chennai","UPI",8,107,8,1,40000
107,7,"2022-10-15",2700,"Hyderabad","Debit Card",8,107,8,1,40000
106,6,"2023-04-12",3500,"Pune","Credit Card",8,107,8,1,40000
105,1,"2022-11-20",2000,"Mumbai","Net Banking",8,107,8,1,40000
104,4,"2023-03-30",1800,"Kolkata","UPI",8,107,8,1,40000
103,3,"2022-12-21",1200,"Bengaluru","Cash",8,107,8,1,40000
102,2,"2023-02-14",2500,"Delhi","Debit Card",8,107,8,1,40000
101,1,"2023-01-10",1500,"Mumbai","Credit Card",23,122,8,1,40000
140,40,"2023-06-25",2500,"Amritsar","Net Banking",23,122,8,1,40000
140,40,"2023-06-25",2500,"Amritsar","Net Banking",8,107,8,1,40000
102,2,"2023-02-14",2500,"Delhi","Debit Card",23,122,8,1,40000
103,3,"2022-12-21",1200,"Bengaluru","Cash",23,122,8,1,40000
104,4,"2023-03-30",1800,"Kolkata","UPI",23,122,8,1,40000
105,1,"2022-11-20",2000,"Mumbai","Net Banking",23,122,8,1,40000
106,6,"2023-04-12",3500,"Pune","Credit Card",23,122,8,1,40000
107,7,"2022-10-15",2700,"Hyderabad","Debit Card",23,122,8,1,40000
108,8,"2023-06-22",2200,"Chennai","UPI",23,122,8,1,40000
109,9,"2022-08-08",1400,"Ahmedabad","Credit Card",23,122,8,1,40000
110,10,"2023-05-19",1900,"Lucknow","Cash",23,122,8,1,40000
111,11,"2022-09-21",3000,"Bhopal","Credit Card",23,122,8,1,40000
112,12,"2023-02-28",2400,"Patna","Net Banking",23,122,8,1,40000
113,13,"2023-03-12",2600,"Thane","Debit Card",23,122,8,1,40000
114,14,"2022-07-05",1800,"Gurgaon","UPI",23,122,8,1,40000
115,15,"2023-04-18",2300,"Nagpur","Credit Card",23,122,8,1,40000
116,16,"2021-06-23",1600,"Surat","Net Banking",23,122,8,1,40000
117,17,"2023-02-01",2900,"Kanpur","Cash",23,122,8,1,40000
118,18,"2022-12-17",2100,"Coimbatore","Debit Card",23,122,8,1,40000
119,19,"2022-08-25",1200,"Indore","UPI",23,122,8,1,40000
120,20,"2023-01-09",4000,"Vadodara","Credit Card",23,122,8,1,40000
121,21,"2022-11-02",3100,"Noida","Debit Card",23,122,8,1,40000
122,22,"2023-04-24",3400,"Varanasi","Credit Card",23,122,8,1,40000
123,23,"2021-10-13",2900,"Mysuru","UPI",23,122,8,1,40000
124,24,"2022-09-29",2400,"Jodhpur","Net Banking",23,122,8,1,40000
125,25,"2023-06-20",2200,"Ranchi","Credit Card",23,122,8,1,40000
126,26,"2021-05-09",1700,"Raipur","UPI",23,122,8,1,40000
127,27,"2022-03-18",1800,"Ghaziabad","Cash",23,122,8,1,40000
128,28,"2023-07-14",2800,"Aurangabad","Net Banking",23,122,8,1,40000
129,29,"2022-12-23",3500,"Nashik","Credit Card",23,122,8,1,40000
130,30,"2023-05-22",2100,"Faridabad","Debit Card",23,122,8,1,40000
131,31,"2022-11-19",3300,"Rajkot","UPI",23,122,8,1,40000
132,32,"2021-12-06",1500,"Kochi","Net Banking",23,122,8,1,40000
133,33,"2023-04-15",2300,"Gwalior","Credit Card",23,122,8,1,40000
134,34,"2022-06-29",2700,"Bhubaneshwar","Debit Card",23,122,8,1,40000
135,35,"2023-02-05",3000,"Ludhiana","UPI",23,122,8,1,40000
136,36,"2022-07-07",2600,"Madurai","Net Banking",23,122,8,1,40000
137,37,"2023-03-31",1900,"Agra","Credit Card",23,122,8,1,40000
138,38,"2021-08-17",1600,"Vellore","Debit Card",23,122,8,1,40000
139,39,"2022-09-01",3200,"Dehradun","UPI",23,122,8,1,40000
131,31,"2022-11-19",3300,"Rajkot","UPI",17,116,15,1,35000
101,1,"2023-01-10",1500,"Mumbai","Credit Card",9,108,6,1,35000
102,2,"2023-02-14",2500,"Delhi","Debit Card",9,108,6,1,35000
103,3,"2022-12-21",1200,"Bengaluru","Cash",9,108,6,1,35000
104,4,"2023-03-30",1800,"Kolkata","UPI",9,108,6,1,35000
105,1,"2022-11-20",2000,"Mumbai","Net Banking",9,108,6,1,35000
106,6,"2023-04-12",3500,"Pune","Credit Card",9,108,6,1,35000
107,7,"2022-10-15",2700,"Hyderabad","Debit Card",9,108,6,1,35000
108,8,"2023-06-22",2200,"Chennai","UPI",9,108,6,1,35000
109,9,"2022-08-08",1400,"Ahmedabad","Credit Card",9,108,6,1,35000
110,10,"2023-05-19",1900,"Lucknow","Cash",9,108,6,1,35000
111,11,"2022-09-21",3000,"Bhopal","Credit Card",9,108,6,1,35000
112,12,"2023-02-28",2400,"Patna","Net Banking",9,108,6,1,35000
113,13,"2023-03-12",2600,"Thane","Debit Card",9,108,6,1,35000
114,14,"2022-07-05",1800,"Gurgaon","UPI",9,108,6,1,35000
115,15,"2023-04-18",2300,"Nagpur","Credit Card",9,108,6,1,35000
116,16,"2021-06-23",1600,"Surat","Net Banking",9,108,6,1,35000
117,17,"2023-02-01",2900,"Kanpur","Cash",9,108,6,1,35000
118,18,"2022-12-17",2100,"Coimbatore","Debit Card",9,108,6,1,35000
119,19,"2022-08-25",1200,"Indore","UPI",9,108,6,1,35000
120,20,"2023-01-09",4000,"Vadodara","Credit Card",9,108,6,1,35000
121,21,"2022-11-02",3100,"Noida","Debit Card",9,108,6,1,35000
122,22,"2023-04-24",3400,"Varanasi","Credit Card",9,108,6,1,35000
123,23,"2021-10-13",2900,"Mysuru","UPI",9,108,6,1,35000
124,24,"2022-09-29",2400,"Jodhpur","Net Banking",9,108,6,1,35000
125,25,"2023-06-20",2200,"Ranchi","Credit Card",9,108,6,1,35000
126,26,"2021-05-09",1700,"Raipur","UPI",9,108,6,1,35000
127,27,"2022-03-18",1800,"Ghaziabad","Cash",9,108,6,1,35000
128,28,"2023-07-14",2800,"Aurangabad","Net Banking",9,108,6,1,35000
129,29,"2022-12-23",3500,"Nashik","Credit Card",9,108,6,1,35000
130,30,"2023-05-22",2100,"Faridabad","Debit Card",9,108,6,1,35000
131,31,"2022-11-19",3300,"Rajkot","UPI",9,108,6,1,35000
132,32,"2021-12-06",1500,"Kochi","Net Banking",9,108,6,1,35000
133,33,"2023-04-15",2300,"Gwalior","Credit Card",9,108,6,1,35000
134,34,"2022-06-29",2700,"Bhubaneshwar","Debit Card",9,108,6,1,35000
135,35,"2023-02-05",3000,"Ludhiana","UPI",9,108,6,1,35000
136,36,"2022-07-07",2600,"Madurai","Net Banking",9,108,6,1,35000
137,37,"2023-03-31",1900,"Agra","Credit Card",9,108,6,1,35000
138,38,"2021-08-17",1600,"Vellore","Debit Card",9,108,6,1,35000
139,39,"2022-09-01",3200,"Dehradun","UPI",9,108,6,1,35000
140,40,"2023-06-25",2500,"Amritsar","Net Banking",9,108,6,1,35000
140,40,"2023-06-25",2500,"Amritsar","Net Banking",24,123,6,1,35000
139,39,"2022-09-01",3200,"Dehradun","UPI",24,123,6,1,35000
138,38,"2021-08-17",1600,"Vellore","Debit Card",24,123,6,1,35000
137,37,"2023-03-31",1900,"Agra","Credit Card",24,123,6,1,35000
136,36,"2022-07-07",2600,"Madurai","Net Banking",24,123,6,1,35000
135,35,"2023-02-05",3000,"Ludhiana","UPI",24,123,6,1,35000
134,34,"2022-06-29",2700,"Bhubaneshwar","Debit Card",24,123,6,1,35000
133,33,"2023-04-15",2300,"Gwalior","Credit Card",24,123,6,1,35000
132,32,"2021-12-06",1500,"Kochi","Net Banking",24,123,6,1,35000
131,31,"2022-11-19",3300,"Rajkot","UPI",24,123,6,1,35000
130,30,"2023-05-22",2100,"Faridabad","Debit Card",24,123,6,1,35000
129,29,"2022-12-23",3500,"Nashik","Credit Card",24,123,6,1,35000
128,28,"2023-07-14",2800,"Aurangabad","Net Banking",24,123,6,1,35000
127,27,"2022-03-18",1800,"Ghaziabad","Cash",24,123,6,1,35000
126,26,"2021-05-09",1700,"Raipur","UPI",24,123,6,1,35000
125,25,"2023-06-20",2200,"Ranchi","Credit Card",24,123,6,1,35000
124,24,"2022-09-29",2400,"Jodhpur","Net Banking",24,123,6,1,35000
123,23,"2021-10-13",2900,"Mysuru","UPI",24,123,6,1,35000
122,22,"2023-04-24",3400,"Varanasi","Credit Card",24,123,6,1,35000
121,21,"2022-11-02",3100,"Noida","Debit Card",24,123,6,1,35000
120,20,"2023-01-09",4000,"Vadodara","Credit Card",24,123,6,1,35000
119,19,"2022-08-25",1200,"Indore","UPI",24,123,6,1,35000
118,18,"2022-12-17",2100,"Coimbatore","Debit Card",24,123,6,1,35000
117,17,"2023-02-01",2900,"Kanpur","Cash",24,123,6,1,35000
116,16,"2021-06-23",1600,"Surat","Net Banking",24,123,6,1,35000
115,15,"2023-04-18",2300,"Nagpur","Credit Card",24,123,6,1,35000
114,14,"2022-07-05",1800,"Gurgaon","UPI",24,123,6,1,35000
113,13,"2023-03-12",2600,"Thane","Debit Card",24,123,6,1,35000
112,12,"2023-02-28",2400,"Patna","Net Banking",24,123,6,1,35000
111,11,"2022-09-21",3000,"Bhopal","Credit Card",24,123,6,1,35000
110,10,"2023-05-19",1900,"Lucknow","Cash",24,123,6,1,35000
109,9,"2022-08-08",1400,"Ahmedabad","Credit Card",24,123,6,1,35000
108,8,"2023-06-22",2200,"Chennai","UPI",24,123,6,1,35000
107,7,"2022-10-15",2700,"Hyderabad","Debit Card",24,123,6,1,35000
106,6,"2023-04-12",3500,"Pune","Credit Card",24,123,6,1,35000
105,1,"2022-11-20",2000,"Mumbai","Net Banking",24,123,6,1,35000
104,4,"2023-03-30",1800,"Kolkata","UPI",24,123,6,1,35000
103,3,"2022-12-21",1200,"Bengaluru","Cash",24,123,6,1,35000
102,2,"2023-02-14",2500,"Delhi","Debit Card",24,123,6,1,35000
101,1,"2023-01-10",1500,"Mumbai","Credit Card",24,123,6,1,35000
140,40,"2023-06-25",2500,"Amritsar","Net Banking",17,116,15,1,35000
139,39,"2022-09-01",3200,"Dehradun","UPI",17,116,15,1,35000
138,38,"2021-08-17",1600,"Vellore","Debit Card",17,116,15,1,35000
137,37,"2023-03-31",1900,"Agra","Credit Card",17,116,15,1,35000
136,36,"2022-07-07",2600,"Madurai","Net Banking",17,116,15,1,35000
135,35,"2023-02-05",3000,"Ludhiana","UPI",17,116,15,1,35000
134,34,"2022-06-29",2700,"Bhubaneshwar","Debit Card",17,116,15,1,35000
133,33,"2023-04-15",2300,"Gwalior","Credit Card",17,116,15,1,35000
132,32,"2021-12-06",1500,"Kochi","Net Banking",17,116,15,1,35000
130,30,"2023-05-22",2100,"Faridabad","Debit Card",17,116,15,1,35000
129,29,"2022-12-23",3500,"Nashik","Credit Card",17,116,15,1,35000
128,28,"2023-07-14",2800,"Aurangabad","Net Banking",17,116,15,1,35000
127,27,"2022-03-18",1800,"Ghaziabad","Cash",17,116,15,1,35000
126,26,"2021-05-09",1700,"Raipur","UPI",17,116,15,1,35000
125,25,"2023-06-20",2200,"Ranchi","Credit Card",17,116,15,1,35000
124,24,"2022-09-29",2400,"Jodhpur","Net Banking",17,116,15,1,35000
123,23,"2021-10-13",2900,"Mysuru","UPI",17,116,15,1,35000
122,22,"2023-04-24",3400,"Varanasi","Credit Card",17,116,15,1,35000
121,21,"2022-11-02",3100,"Noida","Debit Card",17,116,15,1,35000
120,20,"2023-01-09",4000,"Vadodara","Credit Card",17,116,15,1,35000
119,19,"2022-08-25",1200,"Indore","UPI",17,116,15,1,35000
118,18,"2022-12-17",2100,"Coimbatore","Debit Card",17,116,15,1,35000
117,17,"2023-02-01",2900,"Kanpur","Cash",17,116,15,1,35000
116,16,"2021-06-23",1600,"Surat","Net Banking",17,116,15,1,35000
115,15,"2023-04-18",2300,"Nagpur","Credit Card",17,116,15,1,35000
114,14,"2022-07-05",1800,"Gurgaon","UPI",17,116,15,1,35000
113,13,"2023-03-12",2600,"Thane","Debit Card",17,116,15,1,35000
112,12,"2023-02-28",2400,"Patna","Net Banking",17,116,15,1,35000
111,11,"2022-09-21",3000,"Bhopal","Credit Card",17,116,15,1,35000
110,10,"2023-05-19",1900,"Lucknow","Cash",17,116,15,1,35000
109,9,"2022-08-08",1400,"Ahmedabad","Credit Card",17,116,15,1,35000
108,8,"2023-06-22",2200,"Chennai","UPI",17,116,15,1,35000
107,7,"2022-10-15",2700,"Hyderabad","Debit Card",17,116,15,1,35000
106,6,"2023-04-12",3500,"Pune","Credit Card",17,116,15,1,35000
105,1,"2022-11-20",2000,"Mumbai","Net Banking",17,116,15,1,35000
104,4,"2023-03-30",1800,"Kolkata","UPI",17,116,15,1,35000
103,3,"2022-12-21",1200,"Bengaluru","Cash",17,116,15,1,35000
102,2,"2023-02-14",2500,"Delhi","Debit Card",17,116,15,1,35000
101,1,"2023-01-10",1500,"Mumbai","Credit Card",17,116,15,1,35000
101,1,"2023-01-10",1500,"Mumbai","Credit Card",3,102,3,1,30000
140,40,"2023-06-25",2500,"Amritsar","Net Banking",3,102,3,1,30000
102,2,"2023-02-14",2500,"Delhi","Debit Card",3,102,3,1,30000
103,3,"2022-12-21",1200,"Bengaluru","Cash",3,102,3,1,30000
104,4,"2023-03-30",1800,"Kolkata","UPI",3,102,3,1,30000
105,1,"2022-11-20",2000,"Mumbai","Net Banking",3,102,3,1,30000
106,6,"2023-04-12",3500,"Pune","Credit Card",3,102,3,1,30000
107,7,"2022-10-15",2700,"Hyderabad","Debit Card",3,102,3,1,30000
108,8,"2023-06-22",2200,"Chennai","UPI",3,102,3,1,30000
109,9,"2022-08-08",1400,"Ahmedabad","Credit Card",3,102,3,1,30000
110,10,"2023-05-19",1900,"Lucknow","Cash",3,102,3,1,30000
111,11,"2022-09-21",3000,"Bhopal","Credit Card",3,102,3,1,30000
112,12,"2023-02-28",2400,"Patna","Net Banking",3,102,3,1,30000
113,13,"2023-03-12",2600,"Thane","Debit Card",3,102,3,1,30000
114,14,"2022-07-05",1800,"Gurgaon","UPI",3,102,3,1,30000
115,15,"2023-04-18",2300,"Nagpur","Credit Card",3,102,3,1,30000
116,16,"2021-06-23",1600,"Surat","Net Banking",3,102,3,1,30000
117,17,"2023-02-01",2900,"Kanpur","Cash",3,102,3,1,30000
118,18,"2022-12-17",2100,"Coimbatore","Debit Card",3,102,3,1,30000
119,19,"2022-08-25",1200,"Indore","UPI",3,102,3,1,30000
120,20,"2023-01-09",4000,"Vadodara","Credit Card",3,102,3,1,30000
121,21,"2022-11-02",3100,"Noida","Debit Card",3,102,3,1,30000
122,22,"2023-04-24",3400,"Varanasi","Credit Card",3,102,3,1,30000
123,23,"2021-10-13",2900,"Mysuru","UPI",3,102,3,1,30000
124,24,"2022-09-29",2400,"Jodhpur","Net Banking",3,102,3,1,30000
125,25,"2023-06-20",2200,"Ranchi","Credit Card",3,102,3,1,30000
126,26,"2021-05-09",1700,"Raipur","UPI",3,102,3,1,30000
127,27,"2022-03-18",1800,"Ghaziabad","Cash",3,102,3,1,30000
128,28,"2023-07-14",2800,"Aurangabad","Net Banking",3,102,3,1,30000
129,29,"2022-12-23",3500,"Nashik","Credit Card",3,102,3,1,30000
130,30,"2023-05-22",2100,"Faridabad","Debit Card",3,102,3,1,30000
131,31,"2022-11-19",3300,"Rajkot","UPI",3,102,3,1,30000
132,32,"2021-12-06",1500,"Kochi","Net Banking",3,102,3,1,30000
133,33,"2023-04-15",2300,"Gwalior","Credit Card",3,102,3,1,30000
134,34,"2022-06-29",2700,"Bhubaneshwar","Debit Card",3,102,3,1,30000
135,35,"2023-02-05",3000,"Ludhiana","UPI",3,102,3,1,30000
136,36,"2022-07-07",2600,"Madurai","Net Banking",3,102,3,1,30000
137,37,"2023-03-31",1900,"Agra","Credit Card",3,102,3,1,30000
138,38,"2021-08-17",1600,"Vellore","Debit Card",3,102,3,1,30000
102,2,"2023-02-14",2500,"Delhi","Debit Card",14,113,3,1,30000
103,3,"2022-12-21",1200,"Bengaluru","Cash",14,113,3,1,30000
104,4,"2023-03-30",1800,"Kolkata","UPI",14,113,3,1,30000
105,1,"2022-11-20",2000,"Mumbai","Net Banking",14,113,3,1,30000
106,6,"2023-04-12",3500,"Pune","Credit Card",14,113,3,1,30000
107,7,"2022-10-15",2700,"Hyderabad","Debit Card",14,113,3,1,30000
108,8,"2023-06-22",2200,"Chennai","UPI",14,113,3,1,30000
109,9,"2022-08-08",1400,"Ahmedabad","Credit Card",14,113,3,1,30000
110,10,"2023-05-19",1900,"Lucknow","Cash",14,113,3,1,30000
139,39,"2022-09-01",3200,"Dehradun","UPI",3,102,3,1,30000
111,11,"2022-09-21",3000,"Bhopal","Credit Card",14,113,3,1,30000
112,12,"2023-02-28",2400,"Patna","Net Banking",14,113,3,1,30000
113,13,"2023-03-12",2600,"Thane","Debit Card",14,113,3,1,30000
114,14,"2022-07-05",1800,"Gurgaon","UPI",14,113,3,1,30000
115,15,"2023-04-18",2300,"Nagpur","Credit Card",14,113,3,1,30000
116,16,"2021-06-23",1600,"Surat","Net Banking",14,113,3,1,30000
117,17,"2023-02-01",2900,"Kanpur","Cash",14,113,3,1,30000
118,18,"2022-12-17",2100,"Coimbatore","Debit Card",14,113,3,1,30000
119,19,"2022-08-25",1200,"Indore","UPI",14,113,3,1,30000
120,20,"2023-01-09",4000,"Vadodara","Credit Card",14,113,3,1,30000
121,21,"2022-11-02",3100,"Noida","Debit Card",14,113,3,1,30000
122,22,"2023-04-24",3400,"Varanasi","Credit Card",14,113,3,1,30000
123,23,"2021-10-13",2900,"Mysuru","UPI",14,113,3,1,30000
124,24,"2022-09-29",2400,"Jodhpur","Net Banking",14,113,3,1,30000
125,25,"2023-06-20",2200,"Ranchi","Credit Card",14,113,3,1,30000
126,26,"2021-05-09",1700,"Raipur","UPI",14,113,3,1,30000
127,27,"2022-03-18",1800,"Ghaziabad","Cash",14,113,3,1,30000
128,28,"2023-07-14",2800,"Aurangabad","Net Banking",14,113,3,1,30000
129,29,"2022-12-23",3500,"Nashik","Credit Card",14,113,3,1,30000
130,30,"2023-05-22",2100,"Faridabad","Debit Card",14,113,3,1,30000
131,31,"2022-11-19",3300,"Rajkot","UPI",14,113,3,1,30000
132,32,"2021-12-06",1500,"Kochi","Net Banking",14,113,3,1,30000
133,33,"2023-04-15",2300,"Gwalior","Credit Card",14,113,3,1,30000
134,34,"2022-06-29",2700,"Bhubaneshwar","Debit Card",14,113,3,1,30000
135,35,"2023-02-05",3000,"Ludhiana","UPI",14,113,3,1,30000
136,36,"2022-07-07",2600,"Madurai","Net Banking",14,113,3,1,30000
137,37,"2023-03-31",1900,"Agra","Credit Card",14,113,3,1,30000
138,38,"2021-08-17",1600,"Vellore","Debit Card",14,113,3,1,30000
139,39,"2022-09-01",3200,"Dehradun","UPI",14,113,3,1,30000
140,40,"2023-06-25",2500,"Amritsar","Net Banking",14,113,3,1,30000
101,1,"2023-01-10",1500,"Mumbai","Credit Card",14,113,3,1,30000
102,2,"2023-02-14",2500,"Delhi","Debit Card",5,104,4,1,25000
101,1,"2023-01-10",1500,"Mumbai","Credit Card",5,104,4,1,25000
139,39,"2022-09-01",3200,"Dehradun","UPI",28,127,4,1,25000
138,38,"2021-08-17",1600,"Vellore","Debit Card",28,127,4,1,25000
137,37,"2023-03-31",1900,"Agra","Credit Card",28,127,4,1,25000
136,36,"2022-07-07",2600,"Madurai","Net Banking",28,127,4,1,25000
135,35,"2023-02-05",3000,"Ludhiana","UPI",28,127,4,1,25000
134,34,"2022-06-29",2700,"Bhubaneshwar","Debit Card",28,127,4,1,25000
133,33,"2023-04-15",2300,"Gwalior","Credit Card",28,127,4,1,25000
132,32,"2021-12-06",1500,"Kochi","Net Banking",28,127,4,1,25000
131,31,"2022-11-19",3300,"Rajkot","UPI",28,127,4,1,25000
130,30,"2023-05-22",2100,"Faridabad","Debit Card",28,127,4,1,25000
129,29,"2022-12-23",3500,"Nashik","Credit Card",28,127,4,1,25000
128,28,"2023-07-14",2800,"Aurangabad","Net Banking",28,127,4,1,25000
127,27,"2022-03-18",1800,"Ghaziabad","Cash",28,127,4,1,25000
126,26,"2021-05-09",1700,"Raipur","UPI",28,127,4,1,25000
125,25,"2023-06-20",2200,"Ranchi","Credit Card",28,127,4,1,25000
124,24,"2022-09-29",2400,"Jodhpur","Net Banking",28,127,4,1,25000
123,23,"2021-10-13",2900,"Mysuru","UPI",28,127,4,1,25000
122,22,"2023-04-24",3400,"Varanasi","Credit Card",28,127,4,1,25000
121,21,"2022-11-02",3100,"Noida","Debit Card",28,127,4,1,25000
120,20,"2023-01-09",4000,"Vadodara","Credit Card",28,127,4,1,25000
119,19,"2022-08-25",1200,"Indore","UPI",28,127,4,1,25000
118,18,"2022-12-17",2100,"Coimbatore","Debit Card",28,127,4,1,25000
117,17,"2023-02-01",2900,"Kanpur","Cash",28,127,4,1,25000
116,16,"2021-06-23",1600,"Surat","Net Banking",28,127,4,1,25000
115,15,"2023-04-18",2300,"Nagpur","Credit Card",28,127,4,1,25000
114,14,"2022-07-05",1800,"Gurgaon","UPI",28,127,4,1,25000
113,13,"2023-03-12",2600,"Thane","Debit Card",28,127,4,1,25000
112,12,"2023-02-28",2400,"Patna","Net Banking",28,127,4,1,25000
111,11,"2022-09-21",3000,"Bhopal","Credit Card",28,127,4,1,25000
110,10,"2023-05-19",1900,"Lucknow","Cash",28,127,4,1,25000
109,9,"2022-08-08",1400,"Ahmedabad","Credit Card",28,127,4,1,25000
108,8,"2023-06-22",2200,"Chennai","UPI",28,127,4,1,25000
107,7,"2022-10-15",2700,"Hyderabad","Debit Card",28,127,4,1,25000
106,6,"2023-04-12",3500,"Pune","Credit Card",28,127,4,1,25000
105,1,"2022-11-20",2000,"Mumbai","Net Banking",28,127,4,1,25000
104,4,"2023-03-30",1800,"Kolkata","UPI",28,127,4,1,25000
103,3,"2022-12-21",1200,"Bengaluru","Cash",28,127,4,1,25000
102,2,"2023-02-14",2500,"Delhi","Debit Card",28,127,4,1,25000
101,1,"2023-01-10",1500,"Mumbai","Credit Card",28,127,4,1,25000
140,40,"2023-06-25",2500,"Amritsar","Net Banking",28,127,4,1,25000
140,40,"2023-06-25",2500,"Amritsar","Net Banking",5,104,4,1,25000
139,39,"2022-09-01",3200,"Dehradun","UPI",5,104,4,1,25000
138,38,"2021-08-17",1600,"Vellore","Debit Card",5,104,4,1,25000
137,37,"2023-03-31",1900,"Agra","Credit Card",5,104,4,1,25000
136,36,"2022-07-07",2600,"Madurai","Net Banking",5,104,4,1,25000
135,35,"2023-02-05",3000,"Ludhiana","UPI",5,104,4,1,25000
134,34,"2022-06-29",2700,"Bhubaneshwar","Debit Card",5,104,4,1,25000
133,33,"2023-04-15",2300,"Gwalior","Credit Card",5,104,4,1,25000
132,32,"2021-12-06",1500,"Kochi","Net Banking",5,104,4,1,25000
131,31,"2022-11-19",3300,"Rajkot","UPI",5,104,4,1,25000
130,30,"2023-05-22",2100,"Faridabad","Debit Card",5,104,4,1,25000
129,29,"2022-12-23",3500,"Nashik","Credit Card",5,104,4,1,25000
128,28,"2023-07-14",2800,"Aurangabad","Net Banking",5,104,4,1,25000
127,27,"2022-03-18",1800,"Ghaziabad","Cash",5,104,4,1,25000
126,26,"2021-05-09",1700,"Raipur","UPI",5,104,4,1,25000
125,25,"2023-06-20",2200,"Ranchi","Credit Card",5,104,4,1,25000
124,24,"2022-09-29",2400,"Jodhpur","Net Banking",5,104,4,1,25000
123,23,"2021-10-13",2900,"Mysuru","UPI",5,104,4,1,25000
122,22,"2023-04-24",3400,"Varanasi","Credit Card",5,104,4,1,25000
121,21,"2022-11-02",3100,"Noida","Debit Card",5,104,4,1,25000
120,20,"2023-01-09",4000,"Vadodara","Credit Card",5,104,4,1,25000
119,19,"2022-08-25",1200,"Indore","UPI",5,104,4,1,25000
118,18,"2022-12-17",2100,"Coimbatore","Debit Card",5,104,4,1,25000
117,17,"2023-02-01",2900,"Kanpur","Cash",5,104,4,1,25000
116,16,"2021-06-23",1600,"Surat","Net Banking",5,104,4,1,25000
115,15,"2023-04-18",2300,"Nagpur","Credit Card",5,104,4,1,25000
114,14,"2022-07-05",1800,"Gurgaon","UPI",5,104,4,1,25000
113,13,"2023-03-12",2600,"Thane","Debit Card",5,104,4,1,25000
112,12,"2023-02-28",2400,"Patna","Net Banking",5,104,4,1,25000
111,11,"2022-09-21",3000,"Bhopal","Credit Card",5,104,4,1,25000
110,10,"2023-05-19",1900,"Lucknow","Cash",5,104,4,1,25000
109,9,"2022-08-08",1400,"Ahmedabad","Credit Card",5,104,4,1,25000
108,8,"2023-06-22",2200,"Chennai","UPI",5,104,4,1,25000
107,7,"2022-10-15",2700,"Hyderabad","Debit Card",5,104,4,1,25000
106,6,"2023-04-12",3500,"Pune","Credit Card",5,104,4,1,25000
105,1,"2022-11-20",2000,"Mumbai","Net Banking",5,104,4,1,25000
104,4,"2023-03-30",1800,"Kolkata","UPI",5,104,4,1,25000
103,3,"2022-12-21",1200,"Bengaluru","Cash",5,104,4,1,25000
119,19,"2022-08-25",1200,"Indore","UPI",15,114,13,2,24000
101,1,"2023-01-10",1500,"Mumbai","Credit Card",15,114,13,2,24000
102,2,"2023-02-14",2500,"Delhi","Debit Card",15,114,13,2,24000
103,3,"2022-12-21",1200,"Bengaluru","Cash",15,114,13,2,24000
104,4,"2023-03-30",1800,"Kolkata","UPI",15,114,13,2,24000
105,1,"2022-11-20",2000,"Mumbai","Net Banking",15,114,13,2,24000
106,6,"2023-04-12",3500,"Pune","Credit Card",15,114,13,2,24000
107,7,"2022-10-15",2700,"Hyderabad","Debit Card",15,114,13,2,24000
108,8,"2023-06-22",2200,"Chennai","UPI",15,114,13,2,24000
109,9,"2022-08-08",1400,"Ahmedabad","Credit Card",15,114,13,2,24000
110,10,"2023-05-19",1900,"Lucknow","Cash",15,114,13,2,24000
111,11,"2022-09-21",3000,"Bhopal","Credit Card",15,114,13,2,24000
112,12,"2023-02-28",2400,"Patna","Net Banking",15,114,13,2,24000
113,13,"2023-03-12",2600,"Thane","Debit Card",15,114,13,2,24000
114,14,"2022-07-05",1800,"Gurgaon","UPI",15,114,13,2,24000
115,15,"2023-04-18",2300,"Nagpur","Credit Card",15,114,13,2,24000
116,16,"2021-06-23",1600,"Surat","Net Banking",15,114,13,2,24000
117,17,"2023-02-01",2900,"Kanpur","Cash",15,114,13,2,24000
118,18,"2022-12-17",2100,"Coimbatore","Debit Card",15,114,13,2,24000
120,20,"2023-01-09",4000,"Vadodara","Credit Card",15,114,13,2,24000
121,21,"2022-11-02",3100,"Noida","Debit Card",15,114,13,2,24000
122,22,"2023-04-24",3400,"Varanasi","Credit Card",15,114,13,2,24000
123,23,"2021-10-13",2900,"Mysuru","UPI",15,114,13,2,24000
124,24,"2022-09-29",2400,"Jodhpur","Net Banking",15,114,13,2,24000
125,25,"2023-06-20",2200,"Ranchi","Credit Card",15,114,13,2,24000
126,26,"2021-05-09",1700,"Raipur","UPI",15,114,13,2,24000
127,27,"2022-03-18",1800,"Ghaziabad","Cash",15,114,13,2,24000
128,28,"2023-07-14",2800,"Aurangabad","Net Banking",15,114,13,2,24000
129,29,"2022-12-23",3500,"Nashik","Credit Card",15,114,13,2,24000
130,30,"2023-05-22",2100,"Faridabad","Debit Card",15,114,13,2,24000
131,31,"2022-11-19",3300,"Rajkot","UPI",15,114,13,2,24000
132,32,"2021-12-06",1500,"Kochi","Net Banking",15,114,13,2,24000
133,33,"2023-04-15",2300,"Gwalior","Credit Card",15,114,13,2,24000
134,34,"2022-06-29",2700,"Bhubaneshwar","Debit Card",15,114,13,2,24000
135,35,"2023-02-05",3000,"Ludhiana","UPI",15,114,13,2,24000
136,36,"2022-07-07",2600,"Madurai","Net Banking",15,114,13,2,24000
137,37,"2023-03-31",1900,"Agra","Credit Card",15,114,13,2,24000
138,38,"2021-08-17",1600,"Vellore","Debit Card",15,114,13,2,24000
139,39,"2022-09-01",3200,"Dehradun","UPI",15,114,13,2,24000
140,40,"2023-06-25",2500,"Amritsar","Net Banking",15,114,13,2,24000
101,1,"2023-01-10",1500,"Mumbai","Credit Card",25,124,5,2,20000
139,39,"2022-09-01",3200,"Dehradun","UPI",25,124,5,2,20000
138,38,"2021-08-17",1600,"Vellore","Debit Card",25,124,5,2,20000
137,37,"2023-03-31",1900,"Agra","Credit Card",25,124,5,2,20000
136,36,"2022-07-07",2600,"Madurai","Net Banking",25,124,5,2,20000
135,35,"2023-02-05",3000,"Ludhiana","UPI",25,124,5,2,20000
134,34,"2022-06-29",2700,"Bhubaneshwar","Debit Card",25,124,5,2,20000
133,33,"2023-04-15",2300,"Gwalior","Credit Card",25,124,5,2,20000
132,32,"2021-12-06",1500,"Kochi","Net Banking",25,124,5,2,20000
131,31,"2022-11-19",3300,"Rajkot","UPI",25,124,5,2,20000
130,30,"2023-05-22",2100,"Faridabad","Debit Card",25,124,5,2,20000
129,29,"2022-12-23",3500,"Nashik","Credit Card",25,124,5,2,20000
128,28,"2023-07-14",2800,"Aurangabad","Net Banking",25,124,5,2,20000
127,27,"2022-03-18",1800,"Ghaziabad","Cash",25,124,5,2,20000
126,26,"2021-05-09",1700,"Raipur","UPI",25,124,5,2,20000
125,25,"2023-06-20",2200,"Ranchi","Credit Card",25,124,5,2,20000
124,24,"2022-09-29",2400,"Jodhpur","Net Banking",25,124,5,2,20000
123,23,"2021-10-13",2900,"Mysuru","UPI",25,124,5,2,20000
122,22,"2023-04-24",3400,"Varanasi","Credit Card",25,124,5,2,20000
121,21,"2022-11-02",3100,"Noida","Debit Card",25,124,5,2,20000
140,40,"2023-06-25",2500,"Amritsar","Net Banking",25,124,5,2,20000
120,20,"2023-01-09",4000,"Vadodara","Credit Card",25,124,5,2,20000
119,19,"2022-08-25",1200,"Indore","UPI",25,124,5,2,20000
118,18,"2022-12-17",2100,"Coimbatore","Debit Card",25,124,5,2,20000
117,17,"2023-02-01",2900,"Kanpur","Cash",25,124,5,2,20000
116,16,"2021-06-23",1600,"Surat","Net Banking",25,124,5,2,20000
115,15,"2023-04-18",2300,"Nagpur","Credit Card",25,124,5,2,20000
114,14,"2022-07-05",1800,"Gurgaon","UPI",25,124,5,2,20000
113,13,"2023-03-12",2600,"Thane","Debit Card",25,124,5,2,20000
112,12,"2023-02-28",2400,"Patna","Net Banking",25,124,5,2,20000
111,11,"2022-09-21",3000,"Bhopal","Credit Card",25,124,5,2,20000
110,10,"2023-05-19",1900,"Lucknow","Cash",25,124,5,2,20000
109,9,"2022-08-08",1400,"Ahmedabad","Credit Card",25,124,5,2,20000
108,8,"2023-06-22",2200,"Chennai","UPI",25,124,5,2,20000
107,7,"2022-10-15",2700,"Hyderabad","Debit Card",25,124,5,2,20000
106,6,"2023-04-12",3500,"Pune","Credit Card",25,124,5,2,20000
105,1,"2022-11-20",2000,"Mumbai","Net Banking",25,124,5,2,20000
104,4,"2023-03-30",1800,"Kolkata","UPI",25,124,5,2,20000
103,3,"2022-12-21",1200,"Bengaluru","Cash",25,124,5,2,20000
102,2,"2023-02-14",2500,"Delhi","Debit Card",25,124,5,2,20000
111,11,"2022-09-21",3000,"Bhopal","Credit Card",12,111,2,1,15000
101,1,"2023-01-10",1500,"Mumbai","Credit Card",4,103,2,1,15000
102,2,"2023-02-14",2500,"Delhi","Debit Card",4,103,2,1,15000
103,3,"2022-12-21",1200,"Bengaluru","Cash",4,103,2,1,15000
104,4,"2023-03-30",1800,"Kolkata","UPI",4,103,2,1,15000
105,1,"2022-11-20",2000,"Mumbai","Net Banking",4,103,2,1,15000
106,6,"2023-04-12",3500,"Pune","Credit Card",4,103,2,1,15000
107,7,"2022-10-15",2700,"Hyderabad","Debit Card",4,103,2,1,15000
108,8,"2023-06-22",2200,"Chennai","UPI",4,103,2,1,15000
109,9,"2022-08-08",1400,"Ahmedabad","Credit Card",4,103,2,1,15000
110,10,"2023-05-19",1900,"Lucknow","Cash",4,103,2,1,15000
111,11,"2022-09-21",3000,"Bhopal","Credit Card",4,103,2,1,15000
112,12,"2023-02-28",2400,"Patna","Net Banking",4,103,2,1,15000
113,13,"2023-03-12",2600,"Thane","Debit Card",4,103,2,1,15000
114,14,"2022-07-05",1800,"Gurgaon","UPI",4,103,2,1,15000
115,15,"2023-04-18",2300,"Nagpur","Credit Card",4,103,2,1,15000
116,16,"2021-06-23",1600,"Surat","Net Banking",4,103,2,1,15000
117,17,"2023-02-01",2900,"Kanpur","Cash",4,103,2,1,15000
118,18,"2022-12-17",2100,"Coimbatore","Debit Card",4,103,2,1,15000
119,19,"2022-08-25",1200,"Indore","UPI",4,103,2,1,15000
120,20,"2023-01-09",4000,"Vadodara","Credit Card",4,103,2,1,15000
121,21,"2022-11-02",3100,"Noida","Debit Card",4,103,2,1,15000
122,22,"2023-04-24",3400,"Varanasi","Credit Card",4,103,2,1,15000
123,23,"2021-10-13",2900,"Mysuru","UPI",4,103,2,1,15000
124,24,"2022-09-29",2400,"Jodhpur","Net Banking",4,103,2,1,15000
125,25,"2023-06-20",2200,"Ranchi","Credit Card",4,103,2,1,15000
126,26,"2021-05-09",1700,"Raipur","UPI",4,103,2,1,15000
127,27,"2022-03-18",1800,"Ghaziabad","Cash",4,103,2,1,15000
128,28,"2023-07-14",2800,"Aurangabad","Net Banking",4,103,2,1,15000
129,29,"2022-12-23",3500,"Nashik","Credit Card",4,103,2,1,15000
130,30,"2023-05-22",2100,"Faridabad","Debit Card",4,103,2,1,15000
131,31,"2022-11-19",3300,"Rajkot","UPI",4,103,2,1,15000
132,32,"2021-12-06",1500,"Kochi","Net Banking",4,103,2,1,15000
133,33,"2023-04-15",2300,"Gwalior","Credit Card",4,103,2,1,15000
134,34,"2022-06-29",2700,"Bhubaneshwar","Debit Card",4,103,2,1,15000
135,35,"2023-02-05",3000,"Ludhiana","UPI",4,103,2,1,15000
136,36,"2022-07-07",2600,"Madurai","Net Banking",4,103,2,1,15000
137,37,"2023-03-31",1900,"Agra","Credit Card",4,103,2,1,15000
138,38,"2021-08-17",1600,"Vellore","Debit Card",4,103,2,1,15000
139,39,"2022-09-01",3200,"Dehradun","UPI",4,103,2,1,15000
140,40,"2023-06-25",2500,"Amritsar","Net Banking",4,103,2,1,15000
101,1,"2023-01-10",1500,"Mumbai","Credit Card",12,111,2,1,15000
102,2,"2023-02-14",2500,"Delhi","Debit Card",12,111,2,1,15000
103,3,"2022-12-21",1200,"Bengaluru","Cash",12,111,2,1,15000
104,4,"2023-03-30",1800,"Kolkata","UPI",12,111,2,1,15000
105,1,"2022-11-20",2000,"Mumbai","Net Banking",12,111,2,1,15000
106,6,"2023-04-12",3500,"Pune","Credit Card",12,111,2,1,15000
107,7,"2022-10-15",2700,"Hyderabad","Debit Card",12,111,2,1,15000
108,8,"2023-06-22",2200,"Chennai","UPI",12,111,2,1,15000
109,9,"2022-08-08",1400,"Ahmedabad","Credit Card",12,111,2,1,15000
110,10,"2023-05-19",1900,"Lucknow","Cash",12,111,2,1,15000
112,12,"2023-02-28",2400,"Patna","Net Banking",12,111,2,1,15000
113,13,"2023-03-12",2600,"Thane","Debit Card",12,111,2,1,15000
114,14,"2022-07-05",1800,"Gurgaon","UPI",12,111,2,1,15000
115,15,"2023-04-18",2300,"Nagpur","Credit Card",12,111,2,1,15000
116,16,"2021-06-23",1600,"Surat","Net Banking",12,111,2,1,15000
117,17,"2023-02-01",2900,"Kanpur","Cash",12,111,2,1,15000
118,18,"2022-12-17",2100,"Coimbatore","Debit Card",12,111,2,1,15000
119,19,"2022-08-25",1200,"Indore","UPI",12,111,2,1,15000
120,20,"2023-01-09",4000,"Vadodara","Credit Card",12,111,2,1,15000
121,21,"2022-11-02",3100,"Noida","Debit Card",12,111,2,1,15000
122,22,"2023-04-24",3400,"Varanasi","Credit Card",12,111,2,1,15000
123,23,"2021-10-13",2900,"Mysuru","UPI",12,111,2,1,15000
124,24,"2022-09-29",2400,"Jodhpur","Net Banking",12,111,2,1,15000
125,25,"2023-06-20",2200,"Ranchi","Credit Card",12,111,2,1,15000
126,26,"2021-05-09",1700,"Raipur","UPI",12,111,2,1,15000
127,27,"2022-03-18",1800,"Ghaziabad","Cash",12,111,2,1,15000
128,28,"2023-07-14",2800,"Aurangabad","Net Banking",12,111,2,1,15000
129,29,"2022-12-23",3500,"Nashik","Credit Card",12,111,2,1,15000
130,30,"2023-05-22",2100,"Faridabad","Debit Card",12,111,2,1,15000
131,31,"2022-11-19",3300,"Rajkot","UPI",12,111,2,1,15000
132,32,"2021-12-06",1500,"Kochi","Net Banking",12,111,2,1,15000
133,33,"2023-04-15",2300,"Gwalior","Credit Card",12,111,2,1,15000
134,34,"2022-06-29",2700,"Bhubaneshwar","Debit Card",12,111,2,1,15000
135,35,"2023-02-05",3000,"Ludhiana","UPI",12,111,2,1,15000
136,36,"2022-07-07",2600,"Madurai","Net Banking",12,111,2,1,15000
137,37,"2023-03-31",1900,"Agra","Credit Card",12,111,2,1,15000
138,38,"2021-08-17",1600,"Vellore","Debit Card",12,111,2,1,15000
139,39,"2022-09-01",3200,"Dehradun","UPI",12,111,2,1,15000
140,40,"2023-06-25",2500,"Amritsar","Net Banking",12,111,2,1,15000
101,1,"2023-01-10",1500,"Mumbai","Credit Card",30,129,17,2,14000
139,39,"2022-09-01",3200,"Dehradun","UPI",30,129,17,2,14000
138,38,"2021-08-17",1600,"Vellore","Debit Card",30,129,17,2,14000
137,37,"2023-03-31",1900,"Agra","Credit Card",30,129,17,2,14000
136,36,"2022-07-07",2600,"Madurai","Net Banking",30,129,17,2,14000
135,35,"2023-02-05",3000,"Ludhiana","UPI",30,129,17,2,14000
134,34,"2022-06-29",2700,"Bhubaneshwar","Debit Card",30,129,17,2,14000
133,33,"2023-04-15",2300,"Gwalior","Credit Card",30,129,17,2,14000
132,32,"2021-12-06",1500,"Kochi","Net Banking",30,129,17,2,14000
131,31,"2022-11-19",3300,"Rajkot","UPI",30,129,17,2,14000
130,30,"2023-05-22",2100,"Faridabad","Debit Card",30,129,17,2,14000
129,29,"2022-12-23",3500,"Nashik","Credit Card",30,129,17,2,14000
128,28,"2023-07-14",2800,"Aurangabad","Net Banking",30,129,17,2,14000
127,27,"2022-03-18",1800,"Ghaziabad","Cash",30,129,17,2,14000
126,26,"2021-05-09",1700,"Raipur","UPI",30,129,17,2,14000
125,25,"2023-06-20",2200,"Ranchi","Credit Card",30,129,17,2,14000
124,24,"2022-09-29",2400,"Jodhpur","Net Banking",30,129,17,2,14000
123,23,"2021-10-13",2900,"Mysuru","UPI",30,129,17,2,14000
122,22,"2023-04-24",3400,"Varanasi","Credit Card",30,129,17,2,14000
121,21,"2022-11-02",3100,"Noida","Debit Card",30,129,17,2,14000
120,20,"2023-01-09",4000,"Vadodara","Credit Card",30,129,17,2,14000
119,19,"2022-08-25",1200,"Indore","UPI",30,129,17,2,14000
118,18,"2022-12-17",2100,"Coimbatore","Debit Card",30,129,17,2,14000
117,17,"2023-02-01",2900,"Kanpur","Cash",30,129,17,2,14000
116,16,"2021-06-23",1600,"Surat","Net Banking",30,129,17,2,14000
115,15,"2023-04-18",2300,"Nagpur","Credit Card",30,129,17,2,14000
114,14,"2022-07-05",1800,"Gurgaon","UPI",30,129,17,2,14000
113,13,"2023-03-12",2600,"Thane","Debit Card",30,129,17,2,14000
112,12,"2023-02-28",2400,"Patna","Net Banking",30,129,17,2,14000
111,11,"2022-09-21",3000,"Bhopal","Credit Card",30,129,17,2,14000
110,10,"2023-05-19",1900,"Lucknow","Cash",30,129,17,2,14000
109,9,"2022-08-08",1400,"Ahmedabad","Credit Card",30,129,17,2,14000
108,8,"2023-06-22",2200,"Chennai","UPI",30,129,17,2,14000
107,7,"2022-10-15",2700,"Hyderabad","Debit Card",30,129,17,2,14000
106,6,"2023-04-12",3500,"Pune","Credit Card",30,129,17,2,14000
105,1,"2022-11-20",2000,"Mumbai","Net Banking",30,129,17,2,14000
104,4,"2023-03-30",1800,"Kolkata","UPI",30,129,17,2,14000
103,3,"2022-12-21",1200,"Bengaluru","Cash",30,129,17,2,14000
102,2,"2023-02-14",2500,"Delhi","Debit Card",30,129,17,2,14000
140,40,"2023-06-25",2500,"Amritsar","Net Banking",30,129,17,2,14000
139,39,"2022-09-01",3200,"Dehradun","UPI",7,106,5,1,10000
138,38,"2021-08-17",1600,"Vellore","Debit Card",7,106,5,1,10000
137,37,"2023-03-31",1900,"Agra","Credit Card",7,106,5,1,10000
136,36,"2022-07-07",2600,"Madurai","Net Banking",7,106,5,1,10000
135,35,"2023-02-05",3000,"Ludhiana","UPI",7,106,5,1,10000
134,34,"2022-06-29",2700,"Bhubaneshwar","Debit Card",7,106,5,1,10000
133,33,"2023-04-15",2300,"Gwalior","Credit Card",7,106,5,1,10000
132,32,"2021-12-06",1500,"Kochi","Net Banking",7,106,5,1,10000
131,31,"2022-11-19",3300,"Rajkot","UPI",7,106,5,1,10000
130,30,"2023-05-22",2100,"Faridabad","Debit Card",7,106,5,1,10000
129,29,"2022-12-23",3500,"Nashik","Credit Card",7,106,5,1,10000
128,28,"2023-07-14",2800,"Aurangabad","Net Banking",7,106,5,1,10000
127,27,"2022-03-18",1800,"Ghaziabad","Cash",7,106,5,1,10000
126,26,"2021-05-09",1700,"Raipur","UPI",7,106,5,1,10000
125,25,"2023-06-20",2200,"Ranchi","Credit Card",7,106,5,1,10000
124,24,"2022-09-29",2400,"Jodhpur","Net Banking",7,106,5,1,10000
123,23,"2021-10-13",2900,"Mysuru","UPI",7,106,5,1,10000
122,22,"2023-04-24",3400,"Varanasi","Credit Card",7,106,5,1,10000
121,21,"2022-11-02",3100,"Noida","Debit Card",7,106,5,1,10000
120,20,"2023-01-09",4000,"Vadodara","Credit Card",7,106,5,1,10000
119,19,"2022-08-25",1200,"Indore","UPI",7,106,5,1,10000
118,18,"2022-12-17",2100,"Coimbatore","Debit Card",7,106,5,1,10000
117,17,"2023-02-01",2900,"Kanpur","Cash",7,106,5,1,10000
116,16,"2021-06-23",1600,"Surat","Net Banking",7,106,5,1,10000
115,15,"2023-04-18",2300,"Nagpur","Credit Card",7,106,5,1,10000
114,14,"2022-07-05",1800,"Gurgaon","UPI",7,106,5,1,10000
113,13,"2023-03-12",2600,"Thane","Debit Card",7,106,5,1,10000
112,12,"2023-02-28",2400,"Patna","Net Banking",7,106,5,1,10000
111,11,"2022-09-21",3000,"Bhopal","Credit Card",7,106,5,1,10000
110,10,"2023-05-19",1900,"Lucknow","Cash",7,106,5,1,10000
109,9,"2022-08-08",1400,"Ahmedabad","Credit Card",7,106,5,1,10000
108,8,"2023-06-22",2200,"Chennai","UPI",7,106,5,1,10000
107,7,"2022-10-15",2700,"Hyderabad","Debit Card",7,106,5,1,10000
106,6,"2023-04-12",3500,"Pune","Credit Card",7,106,5,1,10000
105,1,"2022-11-20",2000,"Mumbai","Net Banking",7,106,5,1,10000
104,4,"2023-03-30",1800,"Kolkata","UPI",7,106,5,1,10000
103,3,"2022-12-21",1200,"Bengaluru","Cash",7,106,5,1,10000
102,2,"2023-02-14",2500,"Delhi","Debit Card",7,106,5,1,10000
101,1,"2023-01-10",1500,"Mumbai","Credit Card",7,106,5,1,10000
101,1,"2023-01-10",1500,"Mumbai","Credit Card",11,110,12,2,10000
102,2,"2023-02-14",2500,"Delhi","Debit Card",11,110,12,2,10000
103,3,"2022-12-21",1200,"Bengaluru","Cash",11,110,12,2,10000
104,4,"2023-03-30",1800,"Kolkata","UPI",11,110,12,2,10000
105,1,"2022-11-20",2000,"Mumbai","Net Banking",11,110,12,2,10000
106,6,"2023-04-12",3500,"Pune","Credit Card",11,110,12,2,10000
107,7,"2022-10-15",2700,"Hyderabad","Debit Card",11,110,12,2,10000
108,8,"2023-06-22",2200,"Chennai","UPI",11,110,12,2,10000
109,9,"2022-08-08",1400,"Ahmedabad","Credit Card",11,110,12,2,10000
110,10,"2023-05-19",1900,"Lucknow","Cash",11,110,12,2,10000
111,11,"2022-09-21",3000,"Bhopal","Credit Card",11,110,12,2,10000
112,12,"2023-02-28",2400,"Patna","Net Banking",11,110,12,2,10000
113,13,"2023-03-12",2600,"Thane","Debit Card",11,110,12,2,10000
114,14,"2022-07-05",1800,"Gurgaon","UPI",11,110,12,2,10000
115,15,"2023-04-18",2300,"Nagpur","Credit Card",11,110,12,2,10000
116,16,"2021-06-23",1600,"Surat","Net Banking",11,110,12,2,10000
117,17,"2023-02-01",2900,"Kanpur","Cash",11,110,12,2,10000
118,18,"2022-12-17",2100,"Coimbatore","Debit Card",11,110,12,2,10000
119,19,"2022-08-25",1200,"Indore","UPI",11,110,12,2,10000
120,20,"2023-01-09",4000,"Vadodara","Credit Card",11,110,12,2,10000
121,21,"2022-11-02",3100,"Noida","Debit Card",11,110,12,2,10000
122,22,"2023-04-24",3400,"Varanasi","Credit Card",11,110,12,2,10000
123,23,"2021-10-13",2900,"Mysuru","UPI",11,110,12,2,10000
124,24,"2022-09-29",2400,"Jodhpur","Net Banking",11,110,12,2,10000
125,25,"2023-06-20",2200,"Ranchi","Credit Card",11,110,12,2,10000
126,26,"2021-05-09",1700,"Raipur","UPI",11,110,12,2,10000
127,27,"2022-03-18",1800,"Ghaziabad","Cash",11,110,12,2,10000
128,28,"2023-07-14",2800,"Aurangabad","Net Banking",11,110,12,2,10000
129,29,"2022-12-23",3500,"Nashik","Credit Card",11,110,12,2,10000
130,30,"2023-05-22",2100,"Faridabad","Debit Card",11,110,12,2,10000
131,31,"2022-11-19",3300,"Rajkot","UPI",11,110,12,2,10000
132,32,"2021-12-06",1500,"Kochi","Net Banking",11,110,12,2,10000
133,33,"2023-04-15",2300,"Gwalior","Credit Card",11,110,12,2,10000
134,34,"2022-06-29",2700,"Bhubaneshwar","Debit Card",11,110,12,2,10000
135,35,"2023-02-05",3000,"Ludhiana","UPI",11,110,12,2,10000
136,36,"2022-07-07",2600,"Madurai","Net Banking",11,110,12,2,10000
137,37,"2023-03-31",1900,"Agra","Credit Card",11,110,12,2,10000
138,38,"2021-08-17",1600,"Vellore","Debit Card",11,110,12,2,10000
139,39,"2022-09-01",3200,"Dehradun","UPI",11,110,12,2,10000
140,40,"2023-06-25",2500,"Amritsar","Net Banking",11,110,12,2,10000
140,40,"2023-06-25",2500,"Amritsar","Net Banking",7,106,5,1,10000
101,1,"2023-01-10",1500,"Mumbai","Credit Card",6,105,7,3,9000
103,3,"2022-12-21",1200,"Bengaluru","Cash",6,105,7,3,9000
102,2,"2023-02-14",2500,"Delhi","Debit Card",6,105,7,3,9000
140,40,"2023-06-25",2500,"Amritsar","Net Banking",6,105,7,3,9000
139,39,"2022-09-01",3200,"Dehradun","UPI",6,105,7,3,9000
138,38,"2021-08-17",1600,"Vellore","Debit Card",6,105,7,3,9000
137,37,"2023-03-31",1900,"Agra","Credit Card",6,105,7,3,9000
136,36,"2022-07-07",2600,"Madurai","Net Banking",6,105,7,3,9000
135,35,"2023-02-05",3000,"Ludhiana","UPI",6,105,7,3,9000
134,34,"2022-06-29",2700,"Bhubaneshwar","Debit Card",6,105,7,3,9000
133,33,"2023-04-15",2300,"Gwalior","Credit Card",6,105,7,3,9000
132,32,"2021-12-06",1500,"Kochi","Net Banking",6,105,7,3,9000
131,31,"2022-11-19",3300,"Rajkot","UPI",6,105,7,3,9000
130,30,"2023-05-22",2100,"Faridabad","Debit Card",6,105,7,3,9000
129,29,"2022-12-23",3500,"Nashik","Credit Card",6,105,7,3,9000
128,28,"2023-07-14",2800,"Aurangabad","Net Banking",6,105,7,3,9000
127,27,"2022-03-18",1800,"Ghaziabad","Cash",6,105,7,3,9000
126,26,"2021-05-09",1700,"Raipur","UPI",6,105,7,3,9000
125,25,"2023-06-20",2200,"Ranchi","Credit Card",6,105,7,3,9000
124,24,"2022-09-29",2400,"Jodhpur","Net Banking",6,105,7,3,9000
123,23,"2021-10-13",2900,"Mysuru","UPI",6,105,7,3,9000
122,22,"2023-04-24",3400,"Varanasi","Credit Card",6,105,7,3,9000
121,21,"2022-11-02",3100,"Noida","Debit Card",6,105,7,3,9000
120,20,"2023-01-09",4000,"Vadodara","Credit Card",6,105,7,3,9000
119,19,"2022-08-25",1200,"Indore","UPI",6,105,7,3,9000
118,18,"2022-12-17",2100,"Coimbatore","Debit Card",6,105,7,3,9000
117,17,"2023-02-01",2900,"Kanpur","Cash",6,105,7,3,9000
116,16,"2021-06-23",1600,"Surat","Net Banking",6,105,7,3,9000
115,15,"2023-04-18",2300,"Nagpur","Credit Card",6,105,7,3,9000
114,14,"2022-07-05",1800,"Gurgaon","UPI",6,105,7,3,9000
113,13,"2023-03-12",2600,"Thane","Debit Card",6,105,7,3,9000
112,12,"2023-02-28",2400,"Patna","Net Banking",6,105,7,3,9000
111,11,"2022-09-21",3000,"Bhopal","Credit Card",6,105,7,3,9000
110,10,"2023-05-19",1900,"Lucknow","Cash",6,105,7,3,9000
109,9,"2022-08-08",1400,"Ahmedabad","Credit Card",6,105,7,3,9000
108,8,"2023-06-22",2200,"Chennai","UPI",6,105,7,3,9000
107,7,"2022-10-15",2700,"Hyderabad","Debit Card",6,105,7,3,9000
106,6,"2023-04-12",3500,"Pune","Credit Card",6,105,7,3,9000
105,1,"2022-11-20",2000,"Mumbai","Net Banking",6,105,7,3,9000
104,4,"2023-03-30",1800,"Kolkata","UPI",6,105,7,3,9000
101,1,"2023-01-10",1500,"Mumbai","Credit Card",10,109,9,1,8000
101,1,"2023-01-10",1500,"Mumbai","Credit Card",26,125,9,1,8000
140,40,"2023-06-25",2500,"Amritsar","Net Banking",26,125,9,1,8000
139,39,"2022-09-01",3200,"Dehradun","UPI",26,125,9,1,8000
138,38,"2021-08-17",1600,"Vellore","Debit Card",26,125,9,1,8000
137,37,"2023-03-31",1900,"Agra","Credit Card",26,125,9,1,8000
136,36,"2022-07-07",2600,"Madurai","Net Banking",26,125,9,1,8000
135,35,"2023-02-05",3000,"Ludhiana","UPI",26,125,9,1,8000
134,34,"2022-06-29",2700,"Bhubaneshwar","Debit Card",26,125,9,1,8000
133,33,"2023-04-15",2300,"Gwalior","Credit Card",26,125,9,1,8000
132,32,"2021-12-06",1500,"Kochi","Net Banking",26,125,9,1,8000
131,31,"2022-11-19",3300,"Rajkot","UPI",26,125,9,1,8000
130,30,"2023-05-22",2100,"Faridabad","Debit Card",26,125,9,1,8000
129,29,"2022-12-23",3500,"Nashik","Credit Card",26,125,9,1,8000
128,28,"2023-07-14",2800,"Aurangabad","Net Banking",26,125,9,1,8000
127,27,"2022-03-18",1800,"Ghaziabad","Cash",26,125,9,1,8000
126,26,"2021-05-09",1700,"Raipur","UPI",26,125,9,1,8000
125,25,"2023-06-20",2200,"Ranchi","Credit Card",26,125,9,1,8000
124,24,"2022-09-29",2400,"Jodhpur","Net Banking",26,125,9,1,8000
123,23,"2021-10-13",2900,"Mysuru","UPI",26,125,9,1,8000
122,22,"2023-04-24",3400,"Varanasi","Credit Card",26,125,9,1,8000
121,21,"2022-11-02",3100,"Noida","Debit Card",26,125,9,1,8000
120,20,"2023-01-09",4000,"Vadodara","Credit Card",26,125,9,1,8000
119,19,"2022-08-25",1200,"Indore","UPI",26,125,9,1,8000
118,18,"2022-12-17",2100,"Coimbatore","Debit Card",26,125,9,1,8000
117,17,"2023-02-01",2900,"Kanpur","Cash",26,125,9,1,8000
116,16,"2021-06-23",1600,"Surat","Net Banking",26,125,9,1,8000
115,15,"2023-04-18",2300,"Nagpur","Credit Card",26,125,9,1,8000
114,14,"2022-07-05",1800,"Gurgaon","UPI",26,125,9,1,8000
113,13,"2023-03-12",2600,"Thane","Debit Card",26,125,9,1,8000
112,12,"2023-02-28",2400,"Patna","Net Banking",26,125,9,1,8000
111,11,"2022-09-21",3000,"Bhopal","Credit Card",26,125,9,1,8000
110,10,"2023-05-19",1900,"Lucknow","Cash",26,125,9,1,8000
109,9,"2022-08-08",1400,"Ahmedabad","Credit Card",26,125,9,1,8000
108,8,"2023-06-22",2200,"Chennai","UPI",26,125,9,1,8000
107,7,"2022-10-15",2700,"Hyderabad","Debit Card",26,125,9,1,8000
106,6,"2023-04-12",3500,"Pune","Credit Card",26,125,9,1,8000
105,1,"2022-11-20",2000,"Mumbai","Net Banking",26,125,9,1,8000
104,4,"2023-03-30",1800,"Kolkata","UPI",26,125,9,1,8000
103,3,"2022-12-21",1200,"Bengaluru","Cash",26,125,9,1,8000
102,2,"2023-02-14",2500,"Delhi","Debit Card",26,125,9,1,8000
140,40,"2023-06-25",2500,"Amritsar","Net Banking",10,109,9,1,8000
139,39,"2022-09-01",3200,"Dehradun","UPI",10,109,9,1,8000
138,38,"2021-08-17",1600,"Vellore","Debit Card",10,109,9,1,8000
137,37,"2023-03-31",1900,"Agra","Credit Card",10,109,9,1,8000
136,36,"2022-07-07",2600,"Madurai","Net Banking",10,109,9,1,8000
135,35,"2023-02-05",3000,"Ludhiana","UPI",10,109,9,1,8000
134,34,"2022-06-29",2700,"Bhubaneshwar","Debit Card",10,109,9,1,8000
133,33,"2023-04-15",2300,"Gwalior","Credit Card",10,109,9,1,8000
132,32,"2021-12-06",1500,"Kochi","Net Banking",10,109,9,1,8000
131,31,"2022-11-19",3300,"Rajkot","UPI",10,109,9,1,8000
130,30,"2023-05-22",2100,"Faridabad","Debit Card",10,109,9,1,8000
129,29,"2022-12-23",3500,"Nashik","Credit Card",10,109,9,1,8000
128,28,"2023-07-14",2800,"Aurangabad","Net Banking",10,109,9,1,8000
127,27,"2022-03-18",1800,"Ghaziabad","Cash",10,109,9,1,8000
126,26,"2021-05-09",1700,"Raipur","UPI",10,109,9,1,8000
125,25,"2023-06-20",2200,"Ranchi","Credit Card",10,109,9,1,8000
124,24,"2022-09-29",2400,"Jodhpur","Net Banking",10,109,9,1,8000
123,23,"2021-10-13",2900,"Mysuru","UPI",10,109,9,1,8000
122,22,"2023-04-24",3400,"Varanasi","Credit Card",10,109,9,1,8000
121,21,"2022-11-02",3100,"Noida","Debit Card",10,109,9,1,8000
120,20,"2023-01-09",4000,"Vadodara","Credit Card",10,109,9,1,8000
119,19,"2022-08-25",1200,"Indore","UPI",10,109,9,1,8000
118,18,"2022-12-17",2100,"Coimbatore","Debit Card",10,109,9,1,8000
117,17,"2023-02-01",2900,"Kanpur","Cash",10,109,9,1,8000
116,16,"2021-06-23",1600,"Surat","Net Banking",10,109,9,1,8000
115,15,"2023-04-18",2300,"Nagpur","Credit Card",10,109,9,1,8000
114,14,"2022-07-05",1800,"Gurgaon","UPI",10,109,9,1,8000
113,13,"2023-03-12",2600,"Thane","Debit Card",10,109,9,1,8000
112,12,"2023-02-28",2400,"Patna","Net Banking",10,109,9,1,8000
111,11,"2022-09-21",3000,"Bhopal","Credit Card",10,109,9,1,8000
110,10,"2023-05-19",1900,"Lucknow","Cash",10,109,9,1,8000
109,9,"2022-08-08",1400,"Ahmedabad","Credit Card",10,109,9,1,8000
108,8,"2023-06-22",2200,"Chennai","UPI",10,109,9,1,8000
107,7,"2022-10-15",2700,"Hyderabad","Debit Card",10,109,9,1,8000
106,6,"2023-04-12",3500,"Pune","Credit Card",10,109,9,1,8000
105,1,"2022-11-20",2000,"Mumbai","Net Banking",10,109,9,1,8000
104,4,"2023-03-30",1800,"Kolkata","UPI",10,109,9,1,8000
103,3,"2022-12-21",1200,"Bengaluru","Cash",10,109,9,1,8000
102,2,"2023-02-14",2500,"Delhi","Debit Card",10,109,9,1,8000
101,1,"2023-01-10",1500,"Mumbai","Credit Card",20,119,19,2,7000
140,40,"2023-06-25",2500,"Amritsar","Net Banking",19,118,17,1,7000
140,40,"2023-06-25",2500,"Amritsar","Net Banking",20,119,19,2,7000
139,39,"2022-09-01",3200,"Dehradun","UPI",20,119,19,2,7000
138,38,"2021-08-17",1600,"Vellore","Debit Card",20,119,19,2,7000
137,37,"2023-03-31",1900,"Agra","Credit Card",20,119,19,2,7000
136,36,"2022-07-07",2600,"Madurai","Net Banking",20,119,19,2,7000
135,35,"2023-02-05",3000,"Ludhiana","UPI",20,119,19,2,7000
134,34,"2022-06-29",2700,"Bhubaneshwar","Debit Card",20,119,19,2,7000
133,33,"2023-04-15",2300,"Gwalior","Credit Card",20,119,19,2,7000
132,32,"2021-12-06",1500,"Kochi","Net Banking",20,119,19,2,7000
131,31,"2022-11-19",3300,"Rajkot","UPI",20,119,19,2,7000
130,30,"2023-05-22",2100,"Faridabad","Debit Card",20,119,19,2,7000
129,29,"2022-12-23",3500,"Nashik","Credit Card",20,119,19,2,7000
128,28,"2023-07-14",2800,"Aurangabad","Net Banking",20,119,19,2,7000
127,27,"2022-03-18",1800,"Ghaziabad","Cash",20,119,19,2,7000
126,26,"2021-05-09",1700,"Raipur","UPI",20,119,19,2,7000
125,25,"2023-06-20",2200,"Ranchi","Credit Card",20,119,19,2,7000
124,24,"2022-09-29",2400,"Jodhpur","Net Banking",20,119,19,2,7000
123,23,"2021-10-13",2900,"Mysuru","UPI",20,119,19,2,7000
122,22,"2023-04-24",3400,"Varanasi","Credit Card",20,119,19,2,7000
121,21,"2022-11-02",3100,"Noida","Debit Card",20,119,19,2,7000
120,20,"2023-01-09",4000,"Vadodara","Credit Card",20,119,19,2,7000
119,19,"2022-08-25",1200,"Indore","UPI",20,119,19,2,7000
118,18,"2022-12-17",2100,"Coimbatore","Debit Card",20,119,19,2,7000
117,17,"2023-02-01",2900,"Kanpur","Cash",20,119,19,2,7000
116,16,"2021-06-23",1600,"Surat","Net Banking",20,119,19,2,7000
115,15,"2023-04-18",2300,"Nagpur","Credit Card",20,119,19,2,7000
114,14,"2022-07-05",1800,"Gurgaon","UPI",20,119,19,2,7000
113,13,"2023-03-12",2600,"Thane","Debit Card",20,119,19,2,7000
112,12,"2023-02-28",2400,"Patna","Net Banking",20,119,19,2,7000
111,11,"2022-09-21",3000,"Bhopal","Credit Card",20,119,19,2,7000
110,10,"2023-05-19",1900,"Lucknow","Cash",20,119,19,2,7000
109,9,"2022-08-08",1400,"Ahmedabad","Credit Card",20,119,19,2,7000
108,8,"2023-06-22",2200,"Chennai","UPI",20,119,19,2,7000
107,7,"2022-10-15",2700,"Hyderabad","Debit Card",20,119,19,2,7000
106,6,"2023-04-12",3500,"Pune","Credit Card",20,119,19,2,7000
105,1,"2022-11-20",2000,"Mumbai","Net Banking",20,119,19,2,7000
104,4,"2023-03-30",1800,"Kolkata","UPI",20,119,19,2,7000
103,3,"2022-12-21",1200,"Bengaluru","Cash",20,119,19,2,7000
102,2,"2023-02-14",2500,"Delhi","Debit Card",20,119,19,2,7000
139,39,"2022-09-01",3200,"Dehradun","UPI",19,118,17,1,7000
138,38,"2021-08-17",1600,"Vellore","Debit Card",19,118,17,1,7000
137,37,"2023-03-31",1900,"Agra","Credit Card",19,118,17,1,7000
136,36,"2022-07-07",2600,"Madurai","Net Banking",19,118,17,1,7000
135,35,"2023-02-05",3000,"Ludhiana","UPI",19,118,17,1,7000
134,34,"2022-06-29",2700,"Bhubaneshwar","Debit Card",19,118,17,1,7000
133,33,"2023-04-15",2300,"Gwalior","Credit Card",19,118,17,1,7000
132,32,"2021-12-06",1500,"Kochi","Net Banking",19,118,17,1,7000
131,31,"2022-11-19",3300,"Rajkot","UPI",19,118,17,1,7000
130,30,"2023-05-22",2100,"Faridabad","Debit Card",19,118,17,1,7000
129,29,"2022-12-23",3500,"Nashik","Credit Card",19,118,17,1,7000
128,28,"2023-07-14",2800,"Aurangabad","Net Banking",19,118,17,1,7000
127,27,"2022-03-18",1800,"Ghaziabad","Cash",19,118,17,1,7000
126,26,"2021-05-09",1700,"Raipur","UPI",19,118,17,1,7000
125,25,"2023-06-20",2200,"Ranchi","Credit Card",19,118,17,1,7000
124,24,"2022-09-29",2400,"Jodhpur","Net Banking",19,118,17,1,7000
123,23,"2021-10-13",2900,"Mysuru","UPI",19,118,17,1,7000
122,22,"2023-04-24",3400,"Varanasi","Credit Card",19,118,17,1,7000
121,21,"2022-11-02",3100,"Noida","Debit Card",19,118,17,1,7000
120,20,"2023-01-09",4000,"Vadodara","Credit Card",19,118,17,1,7000
119,19,"2022-08-25",1200,"Indore","UPI",19,118,17,1,7000
118,18,"2022-12-17",2100,"Coimbatore","Debit Card",19,118,17,1,7000
117,17,"2023-02-01",2900,"Kanpur","Cash",19,118,17,1,7000
116,16,"2021-06-23",1600,"Surat","Net Banking",19,118,17,1,7000
115,15,"2023-04-18",2300,"Nagpur","Credit Card",19,118,17,1,7000
114,14,"2022-07-05",1800,"Gurgaon","UPI",19,118,17,1,7000
113,13,"2023-03-12",2600,"Thane","Debit Card",19,118,17,1,7000
112,12,"2023-02-28",2400,"Patna","Net Banking",19,118,17,1,7000
111,11,"2022-09-21",3000,"Bhopal","Credit Card",19,118,17,1,7000
110,10,"2023-05-19",1900,"Lucknow","Cash",19,118,17,1,7000
109,9,"2022-08-08",1400,"Ahmedabad","Credit Card",19,118,17,1,7000
108,8,"2023-06-22",2200,"Chennai","UPI",19,118,17,1,7000
107,7,"2022-10-15",2700,"Hyderabad","Debit Card",19,118,17,1,7000
106,6,"2023-04-12",3500,"Pune","Credit Card",19,118,17,1,7000
105,1,"2022-11-20",2000,"Mumbai","Net Banking",19,118,17,1,7000
104,4,"2023-03-30",1800,"Kolkata","UPI",19,118,17,1,7000
103,3,"2022-12-21",1200,"Bengaluru","Cash",19,118,17,1,7000
102,2,"2023-02-14",2500,"Delhi","Debit Card",19,118,17,1,7000
101,1,"2023-01-10",1500,"Mumbai","Credit Card",19,118,17,1,7000
131,31,"2022-11-19",3300,"Rajkot","UPI",2,101,11,2,6000
101,1,"2023-01-10",1500,"Mumbai","Credit Card",18,117,16,3,6000
102,2,"2023-02-14",2500,"Delhi","Debit Card",18,117,16,3,6000
103,3,"2022-12-21",1200,"Bengaluru","Cash",18,117,16,3,6000
104,4,"2023-03-30",1800,"Kolkata","UPI",18,117,16,3,6000
105,1,"2022-11-20",2000,"Mumbai","Net Banking",18,117,16,3,6000
106,6,"2023-04-12",3500,"Pune","Credit Card",18,117,16,3,6000
107,7,"2022-10-15",2700,"Hyderabad","Debit Card",18,117,16,3,6000
108,8,"2023-06-22",2200,"Chennai","UPI",18,117,16,3,6000
109,9,"2022-08-08",1400,"Ahmedabad","Credit Card",18,117,16,3,6000
110,10,"2023-05-19",1900,"Lucknow","Cash",18,117,16,3,6000
111,11,"2022-09-21",3000,"Bhopal","Credit Card",18,117,16,3,6000
112,12,"2023-02-28",2400,"Patna","Net Banking",18,117,16,3,6000
113,13,"2023-03-12",2600,"Thane","Debit Card",18,117,16,3,6000
114,14,"2022-07-05",1800,"Gurgaon","UPI",18,117,16,3,6000
115,15,"2023-04-18",2300,"Nagpur","Credit Card",18,117,16,3,6000
116,16,"2021-06-23",1600,"Surat","Net Banking",18,117,16,3,6000
117,17,"2023-02-01",2900,"Kanpur","Cash",18,117,16,3,6000
118,18,"2022-12-17",2100,"Coimbatore","Debit Card",18,117,16,3,6000
119,19,"2022-08-25",1200,"Indore","UPI",18,117,16,3,6000
120,20,"2023-01-09",4000,"Vadodara","Credit Card",18,117,16,3,6000
121,21,"2022-11-02",3100,"Noida","Debit Card",18,117,16,3,6000
122,22,"2023-04-24",3400,"Varanasi","Credit Card",18,117,16,3,6000
123,23,"2021-10-13",2900,"Mysuru","UPI",18,117,16,3,6000
124,24,"2022-09-29",2400,"Jodhpur","Net Banking",18,117,16,3,6000
125,25,"2023-06-20",2200,"Ranchi","Credit Card",18,117,16,3,6000
126,26,"2021-05-09",1700,"Raipur","UPI",18,117,16,3,6000
127,27,"2022-03-18",1800,"Ghaziabad","Cash",18,117,16,3,6000
128,28,"2023-07-14",2800,"Aurangabad","Net Banking",18,117,16,3,6000
129,29,"2022-12-23",3500,"Nashik","Credit Card",18,117,16,3,6000
130,30,"2023-05-22",2100,"Faridabad","Debit Card",18,117,16,3,6000
131,31,"2022-11-19",3300,"Rajkot","UPI",18,117,16,3,6000
132,32,"2021-12-06",1500,"Kochi","Net Banking",18,117,16,3,6000
133,33,"2023-04-15",2300,"Gwalior","Credit Card",18,117,16,3,6000
134,34,"2022-06-29",2700,"Bhubaneshwar","Debit Card",18,117,16,3,6000
135,35,"2023-02-05",3000,"Ludhiana","UPI",18,117,16,3,6000
136,36,"2022-07-07",2600,"Madurai","Net Banking",18,117,16,3,6000
137,37,"2023-03-31",1900,"Agra","Credit Card",18,117,16,3,6000
138,38,"2021-08-17",1600,"Vellore","Debit Card",18,117,16,3,6000
139,39,"2022-09-01",3200,"Dehradun","UPI",18,117,16,3,6000
140,40,"2023-06-25",2500,"Amritsar","Net Banking",18,117,16,3,6000
140,40,"2023-06-25",2500,"Amritsar","Net Banking",2,101,11,2,6000
139,39,"2022-09-01",3200,"Dehradun","UPI",2,101,11,2,6000
138,38,"2021-08-17",1600,"Vellore","Debit Card",2,101,11,2,6000
137,37,"2023-03-31",1900,"Agra","Credit Card",2,101,11,2,6000
136,36,"2022-07-07",2600,"Madurai","Net Banking",2,101,11,2,6000
135,35,"2023-02-05",3000,"Ludhiana","UPI",2,101,11,2,6000
134,34,"2022-06-29",2700,"Bhubaneshwar","Debit Card",2,101,11,2,6000
133,33,"2023-04-15",2300,"Gwalior","Credit Card",2,101,11,2,6000
132,32,"2021-12-06",1500,"Kochi","Net Banking",2,101,11,2,6000
130,30,"2023-05-22",2100,"Faridabad","Debit Card",2,101,11,2,6000
129,29,"2022-12-23",3500,"Nashik","Credit Card",2,101,11,2,6000
128,28,"2023-07-14",2800,"Aurangabad","Net Banking",2,101,11,2,6000
127,27,"2022-03-18",1800,"Ghaziabad","Cash",2,101,11,2,6000
126,26,"2021-05-09",1700,"Raipur","UPI",2,101,11,2,6000
125,25,"2023-06-20",2200,"Ranchi","Credit Card",2,101,11,2,6000
124,24,"2022-09-29",2400,"Jodhpur","Net Banking",2,101,11,2,6000
123,23,"2021-10-13",2900,"Mysuru","UPI",2,101,11,2,6000
122,22,"2023-04-24",3400,"Varanasi","Credit Card",2,101,11,2,6000
121,21,"2022-11-02",3100,"Noida","Debit Card",2,101,11,2,6000
120,20,"2023-01-09",4000,"Vadodara","Credit Card",2,101,11,2,6000
119,19,"2022-08-25",1200,"Indore","UPI",2,101,11,2,6000
118,18,"2022-12-17",2100,"Coimbatore","Debit Card",2,101,11,2,6000
117,17,"2023-02-01",2900,"Kanpur","Cash",2,101,11,2,6000
116,16,"2021-06-23",1600,"Surat","Net Banking",2,101,11,2,6000
115,15,"2023-04-18",2300,"Nagpur","Credit Card",2,101,11,2,6000
114,14,"2022-07-05",1800,"Gurgaon","UPI",2,101,11,2,6000
113,13,"2023-03-12",2600,"Thane","Debit Card",2,101,11,2,6000
112,12,"2023-02-28",2400,"Patna","Net Banking",2,101,11,2,6000
111,11,"2022-09-21",3000,"Bhopal","Credit Card",2,101,11,2,6000
110,10,"2023-05-19",1900,"Lucknow","Cash",2,101,11,2,6000
109,9,"2022-08-08",1400,"Ahmedabad","Credit Card",2,101,11,2,6000
108,8,"2023-06-22",2200,"Chennai","UPI",2,101,11,2,6000
107,7,"2022-10-15",2700,"Hyderabad","Debit Card",2,101,11,2,6000
106,6,"2023-04-12",3500,"Pune","Credit Card",2,101,11,2,6000
105,1,"2022-11-20",2000,"Mumbai","Net Banking",2,101,11,2,6000
104,4,"2023-03-30",1800,"Kolkata","UPI",2,101,11,2,6000
103,3,"2022-12-21",1200,"Bengaluru","Cash",2,101,11,2,6000
102,2,"2023-02-14",2500,"Delhi","Debit Card",2,101,11,2,6000
101,1,"2023-01-10",1500,"Mumbai","Credit Card",2,101,11,2,6000
101,1,"2023-01-10",1500,"Mumbai","Credit Card",27,126,12,1,5000
102,2,"2023-02-14",2500,"Delhi","Debit Card",27,126,12,1,5000
103,3,"2022-12-21",1200,"Bengaluru","Cash",27,126,12,1,5000
104,4,"2023-03-30",1800,"Kolkata","UPI",27,126,12,1,5000
105,1,"2022-11-20",2000,"Mumbai","Net Banking",27,126,12,1,5000
106,6,"2023-04-12",3500,"Pune","Credit Card",27,126,12,1,5000
107,7,"2022-10-15",2700,"Hyderabad","Debit Card",27,126,12,1,5000
108,8,"2023-06-22",2200,"Chennai","UPI",27,126,12,1,5000
109,9,"2022-08-08",1400,"Ahmedabad","Credit Card",27,126,12,1,5000
110,10,"2023-05-19",1900,"Lucknow","Cash",27,126,12,1,5000
111,11,"2022-09-21",3000,"Bhopal","Credit Card",27,126,12,1,5000
112,12,"2023-02-28",2400,"Patna","Net Banking",27,126,12,1,5000
113,13,"2023-03-12",2600,"Thane","Debit Card",27,126,12,1,5000
114,14,"2022-07-05",1800,"Gurgaon","UPI",27,126,12,1,5000
115,15,"2023-04-18",2300,"Nagpur","Credit Card",27,126,12,1,5000
116,16,"2021-06-23",1600,"Surat","Net Banking",27,126,12,1,5000
117,17,"2023-02-01",2900,"Kanpur","Cash",27,126,12,1,5000
118,18,"2022-12-17",2100,"Coimbatore","Debit Card",27,126,12,1,5000
119,19,"2022-08-25",1200,"Indore","UPI",27,126,12,1,5000
120,20,"2023-01-09",4000,"Vadodara","Credit Card",27,126,12,1,5000
121,21,"2022-11-02",3100,"Noida","Debit Card",27,126,12,1,5000
122,22,"2023-04-24",3400,"Varanasi","Credit Card",27,126,12,1,5000
123,23,"2021-10-13",2900,"Mysuru","UPI",27,126,12,1,5000
124,24,"2022-09-29",2400,"Jodhpur","Net Banking",27,126,12,1,5000
125,25,"2023-06-20",2200,"Ranchi","Credit Card",27,126,12,1,5000
126,26,"2021-05-09",1700,"Raipur","UPI",27,126,12,1,5000
127,27,"2022-03-18",1800,"Ghaziabad","Cash",27,126,12,1,5000
128,28,"2023-07-14",2800,"Aurangabad","Net Banking",27,126,12,1,5000
129,29,"2022-12-23",3500,"Nashik","Credit Card",27,126,12,1,5000
130,30,"2023-05-22",2100,"Faridabad","Debit Card",27,126,12,1,5000
131,31,"2022-11-19",3300,"Rajkot","UPI",27,126,12,1,5000
132,32,"2021-12-06",1500,"Kochi","Net Banking",27,126,12,1,5000
133,33,"2023-04-15",2300,"Gwalior","Credit Card",27,126,12,1,5000
134,34,"2022-06-29",2700,"Bhubaneshwar","Debit Card",27,126,12,1,5000
135,35,"2023-02-05",3000,"Ludhiana","UPI",27,126,12,1,5000
136,36,"2022-07-07",2600,"Madurai","Net Banking",27,126,12,1,5000
137,37,"2023-03-31",1900,"Agra","Credit Card",27,126,12,1,5000
138,38,"2021-08-17",1600,"Vellore","Debit Card",27,126,12,1,5000
139,39,"2022-09-01",3200,"Dehradun","UPI",27,126,12,1,5000
140,40,"2023-06-25",2500,"Amritsar","Net Banking",27,126,12,1,5000
101,1,"2023-01-10",1500,"Mumbai","Credit Card",13,112,10,1,5000
102,2,"2023-02-14",2500,"Delhi","Debit Card",13,112,10,1,5000
103,3,"2022-12-21",1200,"Bengaluru","Cash",13,112,10,1,5000
104,4,"2023-03-30",1800,"Kolkata","UPI",13,112,10,1,5000
105,1,"2022-11-20",2000,"Mumbai","Net Banking",13,112,10,1,5000
106,6,"2023-04-12",3500,"Pune","Credit Card",13,112,10,1,5000
107,7,"2022-10-15",2700,"Hyderabad","Debit Card",13,112,10,1,5000
108,8,"2023-06-22",2200,"Chennai","UPI",13,112,10,1,5000
109,9,"2022-08-08",1400,"Ahmedabad","Credit Card",13,112,10,1,5000
140,40,"2023-06-25",2500,"Amritsar","Net Banking",13,112,10,1,5000
110,10,"2023-05-19",1900,"Lucknow","Cash",13,112,10,1,5000
111,11,"2022-09-21",3000,"Bhopal","Credit Card",13,112,10,1,5000
112,12,"2023-02-28",2400,"Patna","Net Banking",13,112,10,1,5000
113,13,"2023-03-12",2600,"Thane","Debit Card",13,112,10,1,5000
114,14,"2022-07-05",1800,"Gurgaon","UPI",13,112,10,1,5000
115,15,"2023-04-18",2300,"Nagpur","Credit Card",13,112,10,1,5000
116,16,"2021-06-23",1600,"Surat","Net Banking",13,112,10,1,5000
117,17,"2023-02-01",2900,"Kanpur","Cash",13,112,10,1,5000
118,18,"2022-12-17",2100,"Coimbatore","Debit Card",13,112,10,1,5000
119,19,"2022-08-25",1200,"Indore","UPI",13,112,10,1,5000
120,20,"2023-01-09",4000,"Vadodara","Credit Card",13,112,10,1,5000
121,21,"2022-11-02",3100,"Noida","Debit Card",13,112,10,1,5000
122,22,"2023-04-24",3400,"Varanasi","Credit Card",13,112,10,1,5000
123,23,"2021-10-13",2900,"Mysuru","UPI",13,112,10,1,5000
124,24,"2022-09-29",2400,"Jodhpur","Net Banking",13,112,10,1,5000
125,25,"2023-06-20",2200,"Ranchi","Credit Card",13,112,10,1,5000
126,26,"2021-05-09",1700,"Raipur","UPI",13,112,10,1,5000
127,27,"2022-03-18",1800,"Ghaziabad","Cash",13,112,10,1,5000
128,28,"2023-07-14",2800,"Aurangabad","Net Banking",13,112,10,1,5000
129,29,"2022-12-23",3500,"Nashik","Credit Card",13,112,10,1,5000
130,30,"2023-05-22",2100,"Faridabad","Debit Card",13,112,10,1,5000
131,31,"2022-11-19",3300,"Rajkot","UPI",13,112,10,1,5000
132,32,"2021-12-06",1500,"Kochi","Net Banking",13,112,10,1,5000
133,33,"2023-04-15",2300,"Gwalior","Credit Card",13,112,10,1,5000
134,34,"2022-06-29",2700,"Bhubaneshwar","Debit Card",13,112,10,1,5000
135,35,"2023-02-05",3000,"Ludhiana","UPI",13,112,10,1,5000
136,36,"2022-07-07",2600,"Madurai","Net Banking",13,112,10,1,5000
137,37,"2023-03-31",1900,"Agra","Credit Card",13,112,10,1,5000
138,38,"2021-08-17",1600,"Vellore","Debit Card",13,112,10,1,5000
139,39,"2022-09-01",3200,"Dehradun","UPI",13,112,10,1,5000
121,21,"2022-11-02",3100,"Noida","Debit Card",22,121,20,10,2500
140,40,"2023-06-25",2500,"Amritsar","Net Banking",22,121,20,10,2500
139,39,"2022-09-01",3200,"Dehradun","UPI",22,121,20,10,2500
138,38,"2021-08-17",1600,"Vellore","Debit Card",22,121,20,10,2500
137,37,"2023-03-31",1900,"Agra","Credit Card",22,121,20,10,2500
136,36,"2022-07-07",2600,"Madurai","Net Banking",22,121,20,10,2500
135,35,"2023-02-05",3000,"Ludhiana","UPI",22,121,20,10,2500
134,34,"2022-06-29",2700,"Bhubaneshwar","Debit Card",22,121,20,10,2500
133,33,"2023-04-15",2300,"Gwalior","Credit Card",22,121,20,10,2500
132,32,"2021-12-06",1500,"Kochi","Net Banking",22,121,20,10,2500
131,31,"2022-11-19",3300,"Rajkot","UPI",22,121,20,10,2500
130,30,"2023-05-22",2100,"Faridabad","Debit Card",22,121,20,10,2500
129,29,"2022-12-23",3500,"Nashik","Credit Card",22,121,20,10,2500
128,28,"2023-07-14",2800,"Aurangabad","Net Banking",22,121,20,10,2500
127,27,"2022-03-18",1800,"Ghaziabad","Cash",22,121,20,10,2500
126,26,"2021-05-09",1700,"Raipur","UPI",22,121,20,10,2500
125,25,"2023-06-20",2200,"Ranchi","Credit Card",22,121,20,10,2500
124,24,"2022-09-29",2400,"Jodhpur","Net Banking",22,121,20,10,2500
123,23,"2021-10-13",2900,"Mysuru","UPI",22,121,20,10,2500
122,22,"2023-04-24",3400,"Varanasi","Credit Card",22,121,20,10,2500
120,20,"2023-01-09",4000,"Vadodara","Credit Card",22,121,20,10,2500
119,19,"2022-08-25",1200,"Indore","UPI",22,121,20,10,2500
118,18,"2022-12-17",2100,"Coimbatore","Debit Card",22,121,20,10,2500
117,17,"2023-02-01",2900,"Kanpur","Cash",22,121,20,10,2500
116,16,"2021-06-23",1600,"Surat","Net Banking",22,121,20,10,2500
115,15,"2023-04-18",2300,"Nagpur","Credit Card",22,121,20,10,2500
114,14,"2022-07-05",1800,"Gurgaon","UPI",22,121,20,10,2500
113,13,"2023-03-12",2600,"Thane","Debit Card",22,121,20,10,2500
112,12,"2023-02-28",2400,"Patna","Net Banking",22,121,20,10,2500
111,11,"2022-09-21",3000,"Bhopal","Credit Card",22,121,20,10,2500
110,10,"2023-05-19",1900,"Lucknow","Cash",22,121,20,10,2500
109,9,"2022-08-08",1400,"Ahmedabad","Credit Card",22,121,20,10,2500
108,8,"2023-06-22",2200,"Chennai","UPI",22,121,20,10,2500
107,7,"2022-10-15",2700,"Hyderabad","Debit Card",22,121,20,10,2500
106,6,"2023-04-12",3500,"Pune","Credit Card",22,121,20,10,2500
105,1,"2022-11-20",2000,"Mumbai","Net Banking",22,121,20,10,2500
104,4,"2023-03-30",1800,"Kolkata","UPI",22,121,20,10,2500
103,3,"2022-12-21",1200,"Bengaluru","Cash",22,121,20,10,2500
102,2,"2023-02-14",2500,"Delhi","Debit Card",22,121,20,10,2500
101,1,"2023-01-10",1500,"Mumbai","Credit Card",22,121,20,10,2500
102,2,"2023-02-14",2500,"Delhi","Debit Card",21,120,18,1,1500
140,40,"2023-06-25",2500,"Amritsar","Net Banking",21,120,18,1,1500
139,39,"2022-09-01",3200,"Dehradun","UPI",21,120,18,1,1500
138,38,"2021-08-17",1600,"Vellore","Debit Card",21,120,18,1,1500
137,37,"2023-03-31",1900,"Agra","Credit Card",21,120,18,1,1500
136,36,"2022-07-07",2600,"Madurai","Net Banking",21,120,18,1,1500
135,35,"2023-02-05",3000,"Ludhiana","UPI",21,120,18,1,1500
134,34,"2022-06-29",2700,"Bhubaneshwar","Debit Card",21,120,18,1,1500
133,33,"2023-04-15",2300,"Gwalior","Credit Card",21,120,18,1,1500
132,32,"2021-12-06",1500,"Kochi","Net Banking",21,120,18,1,1500
131,31,"2022-11-19",3300,"Rajkot","UPI",21,120,18,1,1500
130,30,"2023-05-22",2100,"Faridabad","Debit Card",21,120,18,1,1500
129,29,"2022-12-23",3500,"Nashik","Credit Card",21,120,18,1,1500
128,28,"2023-07-14",2800,"Aurangabad","Net Banking",21,120,18,1,1500
127,27,"2022-03-18",1800,"Ghaziabad","Cash",21,120,18,1,1500
126,26,"2021-05-09",1700,"Raipur","UPI",21,120,18,1,1500
125,25,"2023-06-20",2200,"Ranchi","Credit Card",21,120,18,1,1500
124,24,"2022-09-29",2400,"Jodhpur","Net Banking",21,120,18,1,1500
123,23,"2021-10-13",2900,"Mysuru","UPI",21,120,18,1,1500
122,22,"2023-04-24",3400,"Varanasi","Credit Card",21,120,18,1,1500
101,1,"2023-01-10",1500,"Mumbai","Credit Card",21,120,18,1,1500
121,21,"2022-11-02",3100,"Noida","Debit Card",21,120,18,1,1500
120,20,"2023-01-09",4000,"Vadodara","Credit Card",21,120,18,1,1500
119,19,"2022-08-25",1200,"Indore","UPI",21,120,18,1,1500
118,18,"2022-12-17",2100,"Coimbatore","Debit Card",21,120,18,1,1500
117,17,"2023-02-01",2900,"Kanpur","Cash",21,120,18,1,1500
116,16,"2021-06-23",1600,"Surat","Net Banking",21,120,18,1,1500
115,15,"2023-04-18",2300,"Nagpur","Credit Card",21,120,18,1,1500
114,14,"2022-07-05",1800,"Gurgaon","UPI",21,120,18,1,1500
113,13,"2023-03-12",2600,"Thane","Debit Card",21,120,18,1,1500
112,12,"2023-02-28",2400,"Patna","Net Banking",21,120,18,1,1500
111,11,"2022-09-21",3000,"Bhopal","Credit Card",21,120,18,1,1500
110,10,"2023-05-19",1900,"Lucknow","Cash",21,120,18,1,1500
109,9,"2022-08-08",1400,"Ahmedabad","Credit Card",21,120,18,1,1500
108,8,"2023-06-22",2200,"Chennai","UPI",21,120,18,1,1500
107,7,"2022-10-15",2700,"Hyderabad","Debit Card",21,120,18,1,1500
106,6,"2023-04-12",3500,"Pune","Credit Card",21,120,18,1,1500
105,1,"2022-11-20",2000,"Mumbai","Net Banking",21,120,18,1,1500
104,4,"2023-03-30",1800,"Kolkata","UPI",21,120,18,1,1500
103,3,"2022-12-21",1200,"Bengaluru","Cash",21,120,18,1,1500
